Date,Value
2005/1/3,81.3
2005/1/4,82.57
2005/1/5,82.54
2005/1/6,83.15
2005/1/7,83.61
2005/1/10,83.29
2005/1/11,83.02
2005/1/12,82.14
2005/1/13,82.51
2005/1/14,83.06
2005/1/17,83.06
2005/1/18,83.36
2005/1/19,83.6
2005/1/20,83.84
2005/1/21,83.26
2005/1/24,83.24
2005/1/25,83.99
2005/1/26,83.3
2005/1/27,83.43
2005/1/28,83.48
2005/1/31,83.6
2005/2/1,83.45
2005/2/2,83.52
2005/2/3,83.97
2005/2/4,84.39
2005/2/7,85.04
2005/2/8,85.1
2005/2/9,85.02
2005/2/10,84.54
2005/2/11,84.57
2005/2/14,83.96
2005/2/15,83.59
2005/2/16,83.67
2005/2/17,83.47
2005/2/18,83.49
2005/2/21,83.55
2005/2/22,82.41
2005/2/23,82.68
2005/2/24,82.88
2005/2/25,82.66
2005/2/28,82.51
2005/3/1,82.77
2005/3/2,83.08
2005/3/3,83.28
2005/3/4,82.54
2005/3/7,82.79
2005/3/8,81.98
2005/3/9,81.63
2005/3/10,81.57
2005/3/11,81.42
2005/3/14,81.97
2005/3/15,82.12
2005/3/16,81.62
2005/3/17,81.84
2005/3/18,82.13
2005/3/21,82.88
2005/3/22,83.36
2005/3/23,84
2005/3/24,84.13
2005/3/28,84.62
2005/3/29,84.32
2005/3/30,84.29
2005/3/31,84.06
2005/4/1,84.43
2005/4/4,84.78
2005/4/5,84.66
2005/4/6,84.68
2005/4/7,84.87
2005/4/8,84.47
2005/4/11,84.16
2005/4/12,84.42
2005/4/13,84.42
2005/4/14,85
2005/4/15,84.56
2005/4/18,84
2005/4/19,83.76
2005/4/20,83.52
2005/4/21,83.7
2005/4/22,83.5
2005/4/25,83.82
2005/4/26,83.96
2005/4/27,84.12
2005/4/28,84.35
2005/4/29,84.43
2005/5/2,84.49
2005/5/3,84.51
2005/5/4,84
2005/5/5,83.94
2005/5/6,84.61
2005/5/9,84.64
2005/5/10,84.45
2005/5/11,84.94
2005/5/12,85.49
2005/5/13,86.1
2005/5/16,86.12
2005/5/17,86.21
2005/5/18,85.82
2005/5/19,86.09
2005/5/20,86.63
2005/5/23,86.4
2005/5/24,86.37
2005/5/25,86.35
2005/5/26,86.85
2005/5/27,86.42
2005/5/31,87.76
2005/6/1,88.11
2005/6/2,87.75
2005/6/3,88.04
2005/6/6,87.6
2005/6/7,87.49
2005/6/8,87.88
2005/6/9,88.07
2005/6/10,88.69
2005/6/13,88.95
2005/6/14,89.26
2005/6/15,88.65
2005/6/16,88.72
2005/6/17,87.73
2005/6/20,88.49
2005/6/21,88.18
2005/6/22,88.56
2005/6/23,89.12
2005/6/24,88.78
2005/6/27,88.45
2005/6/28,88.99
2005/6/29,89.11
2005/6/30,89.11
2005/7/1,90.13
2005/7/4,90.43
2005/7/5,90.44
2005/7/6,90.38
2005/7/7,90.28
2005/7/8,90.25
2005/7/11,89.46
2005/7/12,88.41
2005/7/13,89.31
2005/7/14,89.4
2005/7/15,89.72
2005/7/18,89.64
2005/7/19,89.85
2005/7/20,89.34
2005/7/21,88.93
2005/7/22,89.64
2005/7/25,89.6
2005/7/26,90
2005/7/27,89.73
2005/7/28,89.34
2005/7/29,89.35
2005/8/1,88.8
2005/8/2,88.76
2005/8/3,87.99
2005/8/4,87.8
2005/8/5,88.06
2005/8/8,87.92
2005/8/9,87.89
2005/8/10,87.61
2005/8/11,87.1
2005/8/12,86.98
2005/8/15,87.32
2005/8/16,87.43
2005/8/17,88
2005/8/18,88.59
2005/8/19,88.58
2005/8/22,88.14
2005/8/23,88.08
2005/8/24,87.91
2005/8/25,87.64
2005/8/26,87.86
2005/8/29,88.25
2005/8/30,88.35
2005/8/31,87.58
2005/9/1,86.55
2005/9/2,86.3
2005/9/6,86.57
2005/9/7,86.97
2005/9/8,87.04
2005/9/9,86.89
2005/9/12,87.71
2005/9/13,87.75
2005/9/14,87.67
2005/9/15,88.13
2005/9/16,88.05
2005/9/19,88.44
2005/9/20,88.6
2005/9/21,88.14
2005/9/22,88.56
2005/9/23,89.21
2005/9/26,89.11
2005/9/27,89.6
2005/9/28,89.47
2005/9/29,89.4
2005/9/30,89.52
2005/10/3,90.13
2005/10/4,90.1
2005/10/5,89.98
2005/10/6,88.66
2005/10/7,89.17
2005/10/10,89.46
2005/10/11,89.97
2005/10/12,89.63
2005/10/13,89.81
2005/10/14,89.35
2005/10/17,89.8
2005/10/18,90.29
2005/10/19,89.99
2005/10/20,89.91
2005/10/21,90.31
2005/10/24,90.11
2005/10/25,89.24
2005/10/26,89.49
2005/10/27,89.1
2005/10/28,89.59
2005/10/31,90.07
2005/11/1,90.08
2005/11/2,89.72
2005/11/3,90.44
2005/11/4,91.26
2005/11/7,91.29
2005/11/8,91.37
2005/11/9,91.5
2005/11/10,92.08
2005/11/11,91.98
2005/11/14,92.13
2005/11/15,92.09
2005/11/16,92.33
2005/11/17,91.88
2005/11/18,91.93
2005/11/21,92.03
2005/11/22,91.5
2005/11/23,91.51
2005/11/25,92.04
2005/11/28,90.98
2005/11/29,91.62
2005/11/30,91.57
2005/12/1,91.82
2005/12/2,91.95
2005/12/5,91.48
2005/12/6,91.44
2005/12/7,91.89
2005/12/8,91.26
2005/12/9,91.25
2005/12/12,90.35
2005/12/13,90.38
2005/12/14,89.83
2005/12/15,90.02
2005/12/16,89.7
2005/12/19,89.87
2005/12/20,90.78
2005/12/21,90.94
2005/12/22,90.72
2005/12/23,90.84
2005/12/27,91.19
2005/12/28,91.26
2005/12/29,91.1
2005/12/30,91.17
2006/1/3,89.84
2006/1/4,89.14
2006/1/5,89.33
2006/1/6,88.85
2006/1/9,89.25
2006/1/10,89.33
2006/1/11,88.99
2006/1/12,89.44
2006/1/13,88.89
2006/1/17,89.3
2006/1/18,89.26
2006/1/19,89.39
2006/1/20,88.95
2006/1/23,87.95
2006/1/24,88.06
2006/1/25,88.33
2006/1/26,88.62
2006/1/27,89.32
2006/1/30,89.42
2006/1/31,88.96
2006/2/1,89.51
2006/2/2,89.37
2006/2/3,89.89
2006/2/6,90.29
2006/2/7,90.24
2006/2/8,90.43
2006/2/9,90.29
2006/2/10,90.55
2006/2/13,90.54
2006/2/14,90.54
2006/2/15,90.72
2006/2/16,90.73
2006/2/17,90.64
2006/2/21,90.55
2006/2/22,90.67
2006/2/23,90.39
2006/2/24,90.61
2006/2/27,90.63
2006/2/28,90.11
2006/3/1,90.22
2006/3/2,89.56
2006/3/3,89.66
2006/3/6,89.89
2006/3/7,90.77
2006/3/8,90.62
2006/3/9,90.75
2006/3/10,90.85
2006/3/13,90.54
2006/3/14,90
2006/3/15,89.7
2006/3/16,89.07
2006/3/17,88.92
2006/3/20,89.13
2006/3/21,89.62
2006/3/22,89.72
2006/3/23,90.46
2006/3/24,90.07
2006/3/27,90.07
2006/3/28,90.25
2006/3/29,90.25
2006/3/30,89.39
2006/3/31,89.73
2006/4/3,89.63
2006/4/4,88.83
2006/4/5,88.63
2006/4/6,88.96
2006/4/7,89.63
2006/4/10,89.72
2006/4/11,89.44
2006/4/12,89.62
2006/4/13,89.62
2006/4/17,88.64
2006/4/18,88.24
2006/4/19,87.79
2006/4/20,88.25
2006/4/21,88.05
2006/4/24,87.45
2006/4/25,87.32
2006/4/26,87.22
2006/4/27,86.63
2006/4/28,86.11
2006/5/1,85.97
2006/5/2,85.79
2006/5/3,85.84
2006/5/4,85.84
2006/5/5,85.12
2006/5/8,85.23
2006/5/9,84.83
2006/5/10,84.5
2006/5/11,84.27
2006/5/12,83.96
2006/5/15,84.54
2006/5/16,84.17
2006/5/17,84.85
2006/5/18,84.51
2006/5/19,84.88
2006/5/22,84.35
2006/5/23,84.35
2006/5/24,84.95
2006/5/25,84.65
2006/5/26,85.26
2006/5/30,84.28
2006/5/31,84.72
2006/6/1,84.79
2006/6/2,84.05
2006/6/5,84.14
2006/6/6,84.73
2006/6/7,84.99
2006/6/8,85.91
2006/6/9,85.72
2006/6/12,85.85
2006/6/13,86.43
2006/6/14,86.14
2006/6/15,86.02
2006/6/16,85.92
2006/6/19,86.31
2006/6/20,86.18
2006/6/21,85.78
2006/6/22,86.39
2006/6/23,86.82
2006/6/26,86.49
2006/6/27,86.47
2006/6/28,86.63
2006/6/29,85.87
2006/6/30,85.22
2006/7/3,85.18
2006/7/5,85.6
2006/7/6,85.35
2006/7/7,84.98
2006/7/10,85.5
2006/7/11,85.36
2006/7/12,85.91
2006/7/13,85.79
2006/7/14,86.09
2006/7/17,86.96
2006/7/18,87.01
2006/7/19,86.46
2006/7/20,86.22
2006/7/21,85.93
2006/7/24,86.34
2006/7/25,86.64
2006/7/26,85.93
2006/7/27,85.87
2006/7/28,85.44
2006/7/31,85.3
2006/8/1,85.05
2006/8/2,85.05
2006/8/3,85.02
2006/8/4,84.57
2006/8/7,84.75
2006/8/8,84.66
2006/8/9,84.71
2006/8/10,85.08
2006/8/11,85.52
2006/8/14,85.64
2006/8/15,85.22
2006/8/16,84.88
2006/8/17,85.04
2006/8/18,85.09
2006/8/21,84.63
2006/8/22,85.18
2006/8/23,85.13
2006/8/24,85.28
2006/8/25,85.38
2006/8/28,85.23
2006/8/29,84.91
2006/8/30,84.97
2006/8/31,85.05
2006/9/1,84.94
2006/9/5,85
2006/9/6,85.1
2006/9/7,85.53
2006/9/8,85.95
2006/9/11,85.92
2006/9/12,85.92
2006/9/13,85.87
2006/9/14,85.66
2006/9/15,85.99
2006/9/18,85.81
2006/9/19,85.94
2006/9/20,85.81
2006/9/21,85.18
2006/9/22,85.2
2006/9/25,85.29
2006/9/26,85.63
2006/9/27,85.66
2006/9/28,85.72
2006/9/29,85.97
2006/10/2,85.59
2006/10/3,85.71
2006/10/4,85.84
2006/10/5,85.92
2006/10/6,86.44
2006/10/9,86.52
2006/10/10,87.02
2006/10/11,87.12
2006/10/12,86.92
2006/10/13,87.12
2006/10/16,87
2006/10/17,86.87
2006/10/18,86.88
2006/10/19,86.24
2006/10/20,86.27
2006/10/23,86.71
2006/10/24,86.63
2006/10/25,86.38
2006/10/26,85.89
2006/10/27,85.56
2006/10/30,85.59
2006/10/31,85.32
2006/11/1,85.32
2006/11/2,85.34
2006/11/3,85.71
2006/11/6,85.75
2006/11/7,85.43
2006/11/8,85.41
2006/11/9,85.18
2006/11/10,85.05
2006/11/13,85.36
2006/11/14,85.24
2006/11/15,85.34
2006/11/16,85.5
2006/11/17,85.37
2006/11/20,85.42
2006/11/21,85.24
2006/11/22,84.65
2006/11/23,84.48
2006/11/24,83.71
2006/11/27,83.51
2006/11/28,83.21
2006/11/29,83.44
2006/11/30,82.92
2006/12/1,82.48
2006/12/4,82.49
2006/12/5,82.45
2006/12/6,82.77
2006/12/7,82.8
2006/12/8,83.33
2006/12/11,83.12
2006/12/12,82.97
2006/12/13,82.97
2006/12/14,83.65
2006/12/15,84.06
2006/12/18,83.98
2006/12/19,83.46
2006/12/20,83.52
2006/12/21,83.57
2006/12/22,83.94
2006/12/26,84.07
2006/12/27,83.94
2006/12/28,83.82
2006/12/29,83.72
2007/1/2,83.2
2007/1/3,83.92
2007/1/4,84.32
2007/1/5,84.63
2007/1/8,84.6
2007/1/9,84.74
2007/1/10,85.08
2007/1/11,85.31
2007/1/12,85.03
2007/1/16,85.05
2007/1/17,84.98
2007/1/18,84.91
2007/1/19,84.86
2007/1/22,85.02
2007/1/23,84.67
2007/1/24,84.94
2007/1/25,85.11
2007/1/26,85.28
2007/1/29,85.1
2007/1/30,85.03
2007/1/31,84.61
2007/2/1,84.63
2007/2/2,84.96
2007/2/5,85.08
2007/2/6,84.78
2007/2/7,84.75
2007/2/8,84.7
2007/2/9,84.87
2007/2/12,85.15
2007/2/13,84.73
2007/2/14,84.2
2007/2/15,84.01
2007/2/16,84.09
2007/2/20,84.19
2007/2/21,84.21
2007/2/22,84.32
2007/2/23,84.07
2007/2/26,83.93
2007/2/27,83.48
2007/2/28,83.57
2007/3/1,83.68
2007/3/2,83.74
2007/3/5,84.15
2007/3/6,84.07
2007/3/7,83.78
2007/3/8,84.1
2007/3/9,84.24
2007/3/12,83.86
2007/3/13,83.73
2007/3/14,83.61
2007/3/15,83.68
2007/3/16,83.23
2007/3/19,83.39
2007/3/20,83.11
2007/3/21,82.77
2007/3/22,83.09
2007/3/23,83.28
2007/3/26,83.08
2007/3/27,83.01
2007/3/28,83.03
2007/3/29,83.09
2007/3/30,82.93
2007/4/2,82.87
2007/4/3,83.15
2007/4/4,82.96
2007/4/5,82.68
2007/4/6,82.99
2007/4/9,83.1
2007/4/10,82.7
2007/4/11,82.67
2007/4/12,82.37
2007/4/13,82.13
2007/4/16,82.07
2007/4/17,81.83
2007/4/18,81.74
2007/4/19,81.64
2007/4/20,81.64
2007/4/23,81.74
2007/4/24,81.55
2007/4/25,81.43
2007/4/26,81.75
2007/4/27,81.53
2007/4/30,81.45
2007/5/1,81.59
2007/5/2,81.74
2007/5/3,81.95
2007/5/4,81.74
2007/5/7,81.68
2007/5/8,81.94
2007/5/9,82.02
2007/5/10,82.29
2007/5/11,82.12
2007/5/14,82.07
2007/5/15,81.75
2007/5/16,82.16
2007/5/17,82.32
2007/5/18,82.2
2007/5/21,82.36
2007/5/22,82.39
2007/5/23,82.31
2007/5/24,82.41
2007/5/25,82.33
2007/5/29,82.31
2007/5/30,82.43
2007/5/31,82.3
2007/6/1,82.32
2007/6/4,82.06
2007/6/5,81.89
2007/6/6,81.9
2007/6/7,82.29
2007/6/8,82.69
2007/6/11,82.71
2007/6/12,82.89
2007/6/13,83.03
2007/6/14,83.13
2007/6/15,82.85
2007/6/18,82.72
2007/6/19,82.54
2007/6/20,82.52
2007/6/21,82.73
2007/6/22,82.34
2007/6/25,82.33
2007/6/26,82.3
2007/6/27,82.32
2007/6/28,82.33
2007/6/29,81.92
2007/7/2,81.39
2007/7/3,81.44
2007/7/5,81.54
2007/7/6,81.47
2007/7/9,81.43
2007/7/10,80.86
2007/7/11,80.73
2007/7/12,80.64
2007/7/13,80.58
2007/7/16,80.52
2007/7/17,80.54
2007/7/18,80.42
2007/7/19,80.42
2007/7/20,80.29
2007/7/23,80.35
2007/7/24,80.08
2007/7/25,80.65
2007/7/26,80.45
2007/7/27,80.95
2007/7/30,80.85
2007/7/31,80.77
2007/8/1,80.87
2007/8/2,80.71
2007/8/3,80.18
2007/8/6,80.25
2007/8/7,80.48
2007/8/8,80.34
2007/8/9,80.74
2007/8/10,80.68
2007/8/13,81.05
2007/8/14,81.49
2007/8/15,81.82
2007/8/16,81.73
2007/8/17,81.43
2007/8/20,81.4
2007/8/21,81.49
2007/8/22,81.25
2007/8/23,81.14
2007/8/24,80.67
2007/8/27,80.74
2007/8/28,80.76
2007/8/29,80.7
2007/8/30,80.79
2007/8/31,80.79
2007/9/4,80.88
2007/9/5,80.62
2007/9/6,80.47
2007/9/7,79.96
2007/9/10,79.82
2007/9/11,79.7
2007/9/12,79.36
2007/9/13,79.51
2007/9/14,79.62
2007/9/17,79.72
2007/9/18,79.21
2007/9/19,79.3
2007/9/20,78.58
2007/9/21,78.6
2007/9/24,78.53
2007/9/25,78.31
2007/9/26,78.49
2007/9/27,78.34
2007/9/28,77.72
2007/10/1,77.9
2007/10/2,78.3
2007/10/3,78.57
2007/10/4,78.48
2007/10/5,78.31
2007/10/8,78.67
2007/10/9,78.53
2007/10/10,78.38
2007/10/11,78.08
2007/10/12,78.22
2007/10/15,78.09
2007/10/16,78.25
2007/10/17,78.12
2007/10/18,77.59
2007/10/19,77.41
2007/10/22,78.06
2007/10/23,77.59
2007/10/24,77.55
2007/10/25,77.28
2007/10/26,77.03
2007/10/29,76.84
2007/10/30,76.77
2007/10/31,76.48
2007/11/1,76.59
2007/11/2,76.34
2007/11/5,76.42
2007/11/6,76.04
2007/11/7,75.41
2007/11/8,75.46
2007/11/9,75.4
2007/11/12,75.9
2007/11/13,75.88
2007/11/14,75.81
2007/11/15,76.07
2007/11/16,75.83
2007/11/19,75.78
2007/11/20,75.2
2007/11/21,75.07
2007/11/23,75.05
2007/11/26,74.86
2007/11/27,75.1
2007/11/28,75.08
2007/11/29,75.59
2007/11/30,76.15
2007/12/3,75.94
2007/12/4,75.69
2007/12/5,76.41
2007/12/6,76.38
2007/12/7,76.29
2007/12/10,76.06
2007/12/11,76.22
2007/12/12,76.14
2007/12/13,76.56
2007/12/14,77.44
2007/12/17,77.4
2007/12/18,77.41
2007/12/19,77.59
2007/12/20,77.79
2007/12/21,77.72
2007/12/24,77.57
2007/12/26,77.15
2007/12/27,76.61
2007/12/28,76.22
2007/12/31,76.69
2008/1/2,75.97
2008/1/3,75.89
2008/1/4,75.79
2008/1/7,76.17
2008/1/8,76.11
2008/1/9,76.42
2008/1/10,75.93
2008/1/11,75.98
2008/1/14,75.61
2008/1/15,75.57
2008/1/16,76.26
2008/1/17,76.17
2008/1/18,76.38
2008/1/21,76.87
2008/1/22,76.35
2008/1/23,76.4
2008/1/24,75.69
2008/1/25,75.97
2008/1/28,75.58
2008/1/29,75.55
2008/1/30,75.03
2008/1/31,75.18
2008/2/1,75.44
2008/2/4,75.37
2008/2/5,76.12
2008/2/6,76.14
2008/2/7,76.94
2008/2/8,76.67
2008/2/11,76.58
2008/2/12,76.31
2008/2/13,76.4
2008/2/14,76.16
2008/2/15,76.1
2008/2/18,76.26
2008/2/19,76
2008/2/20,76.12
2008/2/21,75.6
2008/2/22,75.52
2008/2/25,75.53
2008/2/26,74.76
2008/2/27,74.21
2008/2/28,73.72
2008/2/29,73.71
2008/3/3,73.7
2008/3/4,73.66
2008/3/5,73.48
2008/3/6,73
2008/3/7,73.03
2008/3/10,72.99
2008/3/11,73.28
2008/3/12,72.4
2008/3/13,72.07
2008/3/14,71.66
2008/3/17,71.46
2008/3/18,71.57
2008/3/19,72.14
2008/3/20,72.75
2008/3/24,72.95
2008/3/25,72.28
2008/3/26,71.51
2008/3/27,71.66
2008/3/28,71.68
2008/3/31,71.8
2008/4/1,72.56
2008/4/2,72.26
2008/4/3,72.22
2008/4/4,72.02
2008/4/7,72.2
2008/4/8,72.23
2008/4/9,71.83
2008/4/10,72.12
2008/4/11,71.81
2008/4/14,71.88
2008/4/15,72.02
2008/4/16,71.41
2008/4/17,71.68
2008/4/18,72.01
2008/4/21,71.65
2008/4/22,71.33
2008/4/23,71.82
2008/4/24,72.53
2008/4/25,72.79
2008/4/28,72.79
2008/4/29,72.89
2008/4/30,72.51
2008/5/1,73.28
2008/5/2,73.5
2008/5/5,73.19
2008/5/6,73
2008/5/7,73.51
2008/5/8,73.48
2008/5/9,73.05
2008/5/12,72.95
2008/5/13,73.27
2008/5/14,73.4
2008/5/15,73.35
2008/5/16,72.84
2008/5/19,73.05
2008/5/20,72.41
2008/5/21,71.94
2008/5/22,72.28
2008/5/23,71.89
2008/5/26,71.89
2008/5/27,72.34
2008/5/28,72.55
2008/5/29,73.02
2008/5/30,72.88
2008/6/2,72.93
2008/6/3,73.24
2008/6/4,73.42
2008/6/5,73.04
2008/6/6,72.39
2008/6/9,72.85
2008/6/10,73.7
2008/6/11,73.21
2008/6/12,73.86
2008/6/13,74.15
2008/6/16,73.61
2008/6/17,73.51
2008/6/18,73.44
2008/6/19,73.48
2008/6/20,73.03
2008/6/23,73.43
2008/6/24,73.24
2008/6/25,72.93
2008/6/26,72.49
2008/6/27,72.36
2008/6/30,72.46
2008/7/1,72.37
2008/7/2,72.03
2008/7/3,72.74
2008/7/4,72.73
2008/7/7,72.67
2008/7/8,73.01
2008/7/9,72.58
2008/7/10,72.49
2008/7/11,72.1
2008/7/14,71.92
2008/7/15,71.87
2008/7/16,72.06
2008/7/17,72.24
2008/7/18,72.19
2008/7/21,71.99
2008/7/22,72.45
2008/7/23,72.81
2008/7/24,72.93
2008/7/25,72.86
2008/7/28,72.65
2008/7/29,73.31
2008/7/30,73.32
2008/7/31,73.23
2008/8/1,73.42
2008/8/4,73.46
2008/8/5,73.88
2008/8/6,74.24
2008/8/7,74.55
2008/8/8,75.84
2008/8/11,76.12
2008/8/12,76.15
2008/8/13,76.21
2008/8/14,76.67
2008/8/15,77.18
2008/8/18,77.12
2008/8/19,76.84
2008/8/20,76.96
2008/8/21,76.2
2008/8/22,76.81
2008/8/25,76.79
2008/8/26,77.25
2008/8/27,77.05
2008/8/28,77.15
2008/8/29,77.38
2008/9/2,78.06
2008/9/3,78.09
2008/9/4,78.61
2008/9/5,78.93
2008/9/8,79.59
2008/9/9,79.25
2008/9/10,79.84
2008/9/11,80.15
2008/9/12,78.97
2008/9/15,78.91
2008/9/16,79.07
2008/9/17,78.09
2008/9/18,78.02
2008/9/19,77.68
2008/9/22,76.15
2008/9/23,76.47
2008/9/24,76.79
2008/9/25,76.99
2008/9/26,76.95
2008/9/29,77.47
2008/9/30,79.45
2008/10/1,79.46
2008/10/2,80.44
2008/10/3,80.31
2008/10/6,81.67
2008/10/7,80.97
2008/10/8,80.91
2008/10/9,81.16
2008/10/10,83
2008/10/13,81.88
2008/10/14,81.36
2008/10/15,82.05
2008/10/16,82.45
2008/10/17,82.41
2008/10/20,83.1
2008/10/21,83.99
2008/10/22,85.37
2008/10/23,85.36
2008/10/24,86.44
2008/10/27,86.93
2008/10/28,87.03
2008/10/29,85.07
2008/10/30,84.56
2008/10/31,85.63
2008/11/3,86.35
2008/11/4,84.78
2008/11/5,84.61
2008/11/6,85.89
2008/11/7,85.91
2008/11/10,85.91
2008/11/11,87.08
2008/11/12,87.47
2008/11/13,86.94
2008/11/14,86.36
2008/11/17,86.81
2008/11/18,87.37
2008/11/19,87.31
2008/11/20,87.97
2008/11/21,88.19
2008/11/24,86.08
2008/11/25,85
2008/11/26,85.67
2008/11/27,85.61
2008/11/28,86.52
2008/12/1,86.72
2008/12/2,86.7
2008/12/3,87.03
2008/12/4,86.44
2008/12/5,87.12
2008/12/8,85.56
2008/12/9,85.8
2008/12/10,85.47
2008/12/11,83.66
2008/12/12,83.71
2008/12/15,82.1
2008/12/16,80.2
2008/12/17,78.58
2008/12/18,79.7
2008/12/19,81.07
2008/12/22,81.19
2008/12/23,81.44
2008/12/24,81
2008/12/25,80.72
2008/12/26,80.97
2008/12/29,81.43
2008/12/30,80.63
2008/12/31,81.15
2009/1/1,81.1
2009/1/2,81.5
2009/1/5,82.58
2009/1/6,82.83
2009/1/7,82.1
2009/1/8,81.57
2009/1/9,82.48
2009/1/12,83.25
2009/1/13,84.26
2009/1/14,84.36
2009/1/15,84.53
2009/1/16,84.05
2009/1/19,85.14
2009/1/20,86.38
2009/1/21,85.32
2009/1/22,85.48
2009/1/23,85.58
2009/1/26,84.39
2009/1/27,84.4
2009/1/28,84.59
2009/1/29,85.49
2009/1/30,85.83
2009/2/2,86.11
2009/2/3,85
2009/2/4,85.77
2009/2/5,86.06
2009/2/6,85.29
2009/2/9,84.88
2009/2/10,85.57
2009/2/11,85.84
2009/2/12,85.94
2009/2/13,86.09
2009/2/16,86.53
2009/2/17,87.77
2009/2/18,88.03
2009/2/19,87.44
2009/2/20,86.59
2009/2/23,87.26
2009/2/24,86.78
2009/2/25,87.84
2009/2/26,87.84
2009/2/27,88.17
2009/3/2,89.03
2009/3/3,89.19
2009/3/4,88.49
2009/3/5,89.08
2009/3/6,88.55
2009/3/9,89.29
2009/3/10,88.52
2009/3/11,87.67
2009/3/12,87.48
2009/3/13,87.25
2009/3/16,86.97
2009/3/17,86.81
2009/3/18,84.19
2009/3/19,83.07
2009/3/20,83.71
2009/3/23,83.47
2009/3/24,84.1
2009/3/25,83.7
2009/3/26,84.08
2009/3/27,85.14
2009/3/30,85.75
2009/3/31,85.51
2009/4/1,85.42
2009/4/2,84.32
2009/4/3,84.18
2009/4/6,84.75
2009/4/7,85.22
2009/4/8,85.23
2009/4/9,85.64
2009/4/10,85.54
2009/4/13,84.61
2009/4/14,84.8
2009/4/15,84.93
2009/4/16,85.2
2009/4/17,85.9
2009/4/20,86.66
2009/4/21,86.5
2009/4/22,86.3
2009/4/23,85.4
2009/4/24,84.72
2009/4/27,85.67
2009/4/28,85.17
2009/4/29,84.64
2009/4/30,84.82
2009/5/1,84.54
2009/5/4,83.66
2009/5/5,84.14
2009/5/6,84
2009/5/7,83.88
2009/5/8,82.44
2009/5/11,82.84
2009/5/12,82.3
2009/5/13,82.57
2009/5/14,82.44
2009/5/15,82.95
2009/5/18,82.54
2009/5/19,82.1
2009/5/20,81.19
2009/5/21,80.47
2009/5/22,80.04
2009/5/25,80.02
2009/5/26,80.09
2009/5/27,80.76
2009/5/28,80.53
2009/5/29,79.23
2009/6/1,79.18
2009/6/2,78.48
2009/6/3,79.49
2009/6/4,79.47
2009/6/5,80.67
2009/6/8,80.83
2009/6/9,79.84
2009/6/10,80.27
2009/6/11,79.56
2009/6/12,80.13
2009/6/15,81.16
2009/6/16,80.74
2009/6/17,80.26
2009/6/18,80.57
2009/6/19,80.33
2009/6/22,80.84
2009/6/23,79.85
2009/6/24,80.54
2009/6/25,80.37
2009/6/26,79.9
2009/6/29,79.91
2009/6/30,80.16
2009/7/1,79.67
2009/7/2,80.15
2009/7/3,80.45
2009/7/6,80.38
2009/7/7,80.7
2009/7/8,80.63
2009/7/9,79.86
2009/7/10,80.23
2009/7/13,80.13
2009/7/14,80.18
2009/7/15,79.32
2009/7/16,79.22
2009/7/17,79.35
2009/7/20,78.91
2009/7/21,78.93
2009/7/22,78.71
2009/7/23,78.8
2009/7/24,78.75
2009/7/27,78.63
2009/7/28,78.85
2009/7/29,79.63
2009/7/30,79.28
2009/7/31,78.35
2009/8/3,77.64
2009/8/4,77.77
2009/8/5,77.52
2009/8/6,78.06
2009/8/7,78.97
2009/8/10,79.26
2009/8/11,79.18
2009/8/12,78.79
2009/8/13,78.49
2009/8/14,78.89
2009/8/17,79.29
2009/8/18,78.94
2009/8/19,78.47
2009/8/20,78.38
2009/8/21,78.04
2009/8/24,78.27
2009/8/25,78.24
2009/8/26,78.66
2009/8/27,78.01
2009/8/28,78.37
2009/8/31,78.17
2009/9/1,78.76
2009/9/2,78.38
2009/9/3,78.47
2009/9/4,78.14
2009/9/7,78.02
2009/9/8,77.32
2009/9/9,77.09
2009/9/10,76.82
2009/9/11,76.61
2009/9/14,76.69
2009/9/15,76.54
2009/9/16,76.24
2009/9/17,76.19
2009/9/18,76.42
2009/9/21,76.78
2009/9/22,76.12
2009/9/23,76.05
2009/9/24,76.9
2009/9/25,76.81
2009/9/28,77.05
2009/9/29,77.12
2009/9/30,76.65
2009/10/1,77.19
2009/10/2,77
2009/10/5,76.64
2009/10/6,76.33
2009/10/7,76.49
2009/10/8,75.97
2009/10/9,76.43
2009/10/12,76.13
2009/10/13,75.98
2009/10/14,75.55
2009/10/15,75.48
2009/10/16,75.6
2009/10/19,75.51
2009/10/20,75.56
2009/10/21,74.97
2009/10/22,75.09
2009/10/23,75.47
2009/10/26,76.06
2009/10/27,76.14
2009/10/28,76.42
2009/10/29,75.92
2009/10/30,76.3
2009/11/2,76.29
2009/11/3,76.39
2009/11/4,75.64
2009/11/5,75.74
2009/11/6,75.82
2009/11/9,75.03
2009/11/10,75.02
2009/11/11,75.16
2009/11/12,75.6
2009/11/13,75.33
2009/11/16,74.91
2009/11/17,75.37
2009/11/18,75.19
2009/11/19,75.29
2009/11/20,75.66
2009/11/23,75.08
2009/11/24,75.07
2009/11/25,74.27
2009/11/26,74.83
2009/11/27,75
2009/11/30,74.78
2009/12/1,74.36
2009/12/2,74.67
2009/12/3,74.63
2009/12/4,75.91
2009/12/7,75.77
2009/12/8,76.31
2009/12/9,76.04
2009/12/10,76.05
2009/12/11,76.57
2009/12/14,76.35
2009/12/15,76.96
2009/12/16,77
2009/12/17,77.69
2009/12/18,77.82
2009/12/21,78.04
2009/12/22,78.25
2009/12/23,77.9
2009/12/24,77.84
2009/12/25,77.64
2009/12/28,77.63
2009/12/29,77.83
2009/12/30,77.91
2009/12/31,77.86
2010/1/4,77.53
2010/1/5,77.62
2010/1/6,77.49
2010/1/7,77.91
2010/1/8,77.47
2010/1/11,77
2010/1/12,76.95
2010/1/13,76.85
2010/1/14,76.73
2010/1/15,77.32
2010/1/18,77.06
2010/1/19,77.5
2010/1/20,78.34
2010/1/21,78.32
2010/1/22,78.28
2010/1/25,78.19
2010/1/26,78.43
2010/1/27,78.67
2010/1/28,78.9
2010/1/29,79.46
2010/2/1,79.24
2010/2/2,79.01
2010/2/3,79.37
2010/2/4,79.92
2010/2/5,80.44
2010/2/8,80.3
2010/2/9,79.86
2010/2/10,80.03
2010/2/11,79.99
2010/2/12,80.32
2010/2/15,80.33
2010/2/16,79.7
2010/2/17,80.38
2010/2/18,80.4
2010/2/19,80.64
2010/2/22,80.51
2010/2/23,80.85
2010/2/24,80.85
2010/2/25,80.79
2010/2/26,80.36
2010/3/1,80.66
2010/3/2,80.52
2010/3/3,79.98
2010/3/4,80.56
2010/3/5,80.43
2010/3/8,80.43
2010/3/9,80.59
2010/3/10,80.44
2010/3/11,80.32
2010/3/12,79.83
2010/3/15,80.25
2010/3/16,79.75
2010/3/17,79.64
2010/3/18,80.22
2010/3/19,80.72
2010/3/22,80.65
2010/3/23,80.9
2010/3/24,81.84
2010/3/25,82.12
2010/3/26,81.68
2010/3/29,81.36
2010/3/30,81.47
2010/3/31,81.07
2010/4/1,80.78
2010/4/2,81.29
2010/4/5,81.09
2010/4/6,81.39
2010/4/7,81.44
2010/4/8,81.53
2010/4/9,81.09
2010/4/12,80.56
2010/4/13,80.51
2010/4/14,80.19
2010/4/15,80.48
2010/4/16,80.82
2010/4/19,81
2010/4/20,81.05
2010/4/21,81.16
2010/4/22,81.57
2010/4/23,81.35
2010/4/26,81.48
2010/4/27,82.15
2010/4/28,82.38
2010/4/29,82
2010/4/30,81.87
2010/5/3,82.27
2010/5/4,83.3
2010/5/5,84.08
2010/5/6,84.89
2010/5/7,84.45
2010/5/10,84.16
2010/5/11,84.47
2010/5/12,84.83
2010/5/13,85.21
2010/5/14,86.09
2010/5/17,86.2
2010/5/18,87.16
2010/5/19,86.39
2010/5/20,85.56
2010/5/21,85.37
2010/5/24,86.21
2010/5/25,86.78
2010/5/26,87.12
2010/5/27,86.19
2010/5/28,86.48
2010/5/31,86.59
2010/6/1,86.64
2010/6/2,86.79
2010/6/3,87.14
2010/6/4,88.23
2010/6/7,88.41
2010/6/8,88.39
2010/6/9,87.9
2010/6/10,87.17
2010/6/11,87.51
2010/6/14,86.51
2010/6/15,85.98
2010/6/16,86.08
2010/6/17,85.69
2010/6/18,85.7
2010/6/21,85.93
2010/6/22,86.11
2010/6/23,85.74
2010/6/24,85.73
2010/6/25,85.31
2010/6/28,85.65
2010/6/29,86.03
2010/6/30,86.02
2010/7/1,84.72
2010/7/2,84.43
2010/7/5,84.61
2010/7/6,84.08
2010/7/7,83.82
2010/7/8,83.82
2010/7/9,83.95
2010/7/12,84.2
2010/7/13,83.64
2010/7/14,83.43
2010/7/15,82.56
2010/7/16,82.49
2010/7/19,82.51
2010/7/20,82.75
2010/7/21,83.39
2010/7/22,82.59
2010/7/23,82.46
2010/7/26,82.09
2010/7/27,82.19
2010/7/28,82.18
2010/7/29,81.64
2010/7/30,81.54
2010/8/2,80.94
2010/8/3,80.6
2010/8/4,80.89
2010/8/5,80.83
2010/8/6,80.41
2010/8/9,80.71
2010/8/10,80.8
2010/8/11,82.29
2010/8/12,82.64
2010/8/13,82.95
2010/8/16,82.53
2010/8/17,82.23
2010/8/18,82.22
2010/8/19,82.45
2010/8/20,83.06
2010/8/23,83.12
2010/8/24,83.15
2010/8/25,83.26
2010/8/26,82.93
2010/8/27,82.92
2010/8/30,83.16
2010/8/31,83.2
2010/9/1,82.52
2010/9/2,82.46
2010/9/3,82.1
2010/9/6,82.04
2010/9/7,82.82
2010/9/8,82.58
2010/9/9,82.67
2010/9/10,82.7
2010/9/13,81.91
2010/9/14,81.08
2010/9/15,81.49
2010/9/16,81.24
2010/9/17,81.4
2010/9/20,81.33
2010/9/21,80.44
2010/9/22,79.83
2010/9/23,80.01
2010/9/24,79.39
2010/9/27,79.34
2010/9/28,79.01
2010/9/29,78.69
2010/9/30,78.72
2010/10/1,78.09
2010/10/4,78.45
2010/10/5,77.75
2010/10/6,77.39
2010/10/7,77.39
2010/10/8,77.33
2010/10/11,77.44
2010/10/12,77.36
2010/10/13,77.07
2010/10/14,76.65
2010/10/15,77.04
2010/10/18,76.93
2010/10/19,78.18
2010/10/20,77.17
2010/10/21,77.42
2010/10/22,77.47
2010/10/25,77.1
2010/10/26,77.71
2010/10/27,78.15
2010/10/28,77.31
2010/10/29,77.27
2010/11/1,77.3
2010/11/2,76.72
2010/11/3,76.48
2010/11/4,75.88
2010/11/5,76.55
2010/11/8,77.03
2010/11/9,77.44
2010/11/10,77.63
2010/11/11,78.22
2010/11/12,78.08
2010/11/15,78.52
2010/11/16,79.21
2010/11/17,79.08
2010/11/18,78.62
2010/11/19,78.5
2010/11/22,78.68
2010/11/23,79.68
2010/11/24,79.87
2010/11/25,79.87
2010/11/26,80.36
2010/11/29,80.83
2010/11/30,81.19
2010/12/1,80.71
2010/12/2,80.3
2010/12/3,79.38
2010/12/6,79.57
2010/12/7,79.86
2010/12/8,80
2010/12/9,80.07
2010/12/10,80.07
2010/12/13,79.28
2010/12/14,79.37
2010/12/15,80.26
2010/12/16,80.18
2010/12/17,80.37
2010/12/20,80.63
2010/12/21,80.72
2010/12/22,80.73
2010/12/23,80.5
2010/12/24,80.5
2010/12/27,80.37
2010/12/28,80.36
2010/12/29,79.8
2010/12/30,79.52
2010/12/31,79.03
2011/1/3,79.13
2011/1/4,79.44
2011/1/5,80.26
2011/1/6,80.79
2011/1/7,81.01
2011/1/10,80.88
2011/1/11,80.85
2011/1/12,80.03
2011/1/13,79.19
2011/1/14,79.16
2011/1/17,79.34
2011/1/18,78.96
2011/1/19,78.64
2011/1/20,78.82
2011/1/21,78.21
2011/1/24,78.05
2011/1/25,78
2011/1/26,77.9
2011/1/27,77.73
2011/1/28,78.13
2011/1/31,77.73
2011/2/1,77.07
2011/2/2,77.16
2011/2/3,77.75
2011/2/4,78.04
2011/2/7,78.03
2011/2/8,78
2011/2/9,77.64
2011/2/10,78.25
2011/2/11,78.46
2011/2/14,78.61
2011/2/15,78.57
2011/2/16,78.22
2011/2/17,78
2011/2/18,77.66
2011/2/21,77.69
2011/2/22,77.77
2011/2/23,77.41
2011/2/24,77.06
2011/2/25,77.28
2011/2/28,76.89
2011/3/1,77.05
2011/3/2,76.67
2011/3/3,76.48
2011/3/4,76.4
2011/3/7,76.5
2011/3/8,76.8
2011/3/9,76.72
2011/3/10,77.28
2011/3/11,76.78
2011/3/14,76.35
2011/3/15,76.33
2011/3/16,76.68
2011/3/17,76.04
2011/3/18,75.72
2011/3/21,75.4
2011/3/22,75.41
2011/3/23,75.79
2011/3/24,75.66
2011/3/25,76.22
2011/3/28,76.13
2011/3/29,76.25
2011/3/30,76.12
2011/3/31,75.86
2011/4/1,75.83
2011/4/4,75.91
2011/4/5,75.88
2011/4/6,75.51
2011/4/7,75.58
2011/4/8,75.07
2011/4/11,75.06
2011/4/12,74.85
2011/4/13,74.98
2011/4/14,74.69
2011/4/15,74.83
2011/4/18,75.5
2011/4/19,75.03
2011/4/20,74.37
2011/4/21,74
2011/4/22,74
2011/4/25,73.99
2011/4/26,73.84
2011/4/27,73.52
2011/4/28,73.12
2011/4/29,72.93
2011/5/2,72.95
2011/5/3,73.14
2011/5/4,73.03
2011/5/5,74.19
2011/5/6,74.84
2011/5/9,74.74
2011/5/10,74.61
2011/5/11,75.33
2011/5/12,75.24
2011/5/13,75.76
2011/5/16,75.47
2011/5/17,75.4
2011/5/18,75.47
2011/5/19,75.12
2011/5/20,75.44
2011/5/23,76.1
2011/5/24,75.88
2011/5/25,75.93
2011/5/26,75.55
2011/5/27,74.95
2011/5/30,74.96
2011/5/31,74.64
2011/6/1,74.68
2011/6/2,74.33
2011/6/3,73.78
2011/6/6,73.95
2011/6/7,73.52
2011/6/8,73.93
2011/6/9,74.19
2011/6/10,74.8
2011/6/13,74.51
2011/6/14,74.33
2011/6/15,75.6
2011/6/16,75.75
2011/6/17,74.99
2011/6/20,75.03
2011/6/21,74.54
2011/6/22,74.78
2011/6/23,75.45
2011/6/24,75.67
2011/6/27,75.39
2011/6/28,75.06
2011/6/29,74.69
2011/6/30,74.3
2011/7/1,74.35
2011/7/4,74.28
2011/7/5,74.69
2011/7/6,75.12
2011/7/7,74.96
2011/7/8,75.18
2011/7/11,75.99
2011/7/12,75.81
2011/7/13,75.21
2011/7/14,75.25
2011/7/15,75.13
2011/7/18,75.48
2011/7/19,75.22
2011/7/20,74.79
2011/7/21,74.02
2011/7/22,74.2
2011/7/25,74.06
2011/7/26,73.47
2011/7/27,74.09
2011/7/28,74.22
2011/7/29,73.9
2011/8/1,74.26
2011/8/2,74.51
2011/8/3,74.04
2011/8/4,75.12
2011/8/5,74.6
2011/8/8,74.79
2011/8/9,74.61
2011/8/10,74.64
2011/8/11,74.68
2011/8/12,74.61
2011/8/15,73.84
2011/8/16,74.01
2011/8/17,73.67
2011/8/18,74.24
2011/8/19,74.01
2011/8/22,74.07
2011/8/23,73.89
2011/8/24,74.01
2011/8/25,74.28
2011/8/26,73.81
2011/8/29,73.72
2011/8/30,73.95
2011/8/31,74.12
2011/9/1,74.48
2011/9/2,74.76
2011/9/5,75.11
2011/9/6,75.95
2011/9/7,75.47
2011/9/8,76.25
2011/9/9,77.19
2011/9/12,77.58
2011/9/13,76.92
2011/9/14,76.83
2011/9/15,76.24
2011/9/16,76.6
2011/9/19,77.15
2011/9/20,77.02
2011/9/21,77.34
2011/9/22,78.45
2011/9/23,78.5
2011/9/26,78.36
2011/9/27,77.51
2011/9/28,77.85
2011/9/29,78.03
2011/9/30,78.55
2011/10/3,79.43
2011/10/4,79.6
2011/10/5,78.92
2011/10/6,78.63
2011/10/7,78.73
2011/10/10,77.49
2011/10/11,77.58
2011/10/12,76.99
2011/10/13,77
2011/10/14,76.62
2011/10/17,77.15
2011/10/18,77.14
2011/10/19,77.11
2011/10/20,76.97
2011/10/21,76.39
2011/10/24,76.03
2011/10/25,76.12
2011/10/26,76.25
2011/10/27,74.88
2011/10/28,75.07
2011/10/31,76.17
2011/11/1,77.26
2011/11/2,77.02
2011/11/3,76.67
2011/11/4,76.96
2011/11/7,76.96
2011/11/8,76.59
2011/11/9,77.93
2011/11/10,77.74
2011/11/11,76.94
2011/11/14,77.57
2011/11/15,77.87
2011/11/16,78.02
2011/11/17,78.28
2011/11/18,78.06
2011/11/21,78.3
2011/11/22,78.27
2011/11/23,79.14
2011/11/24,79.14
2011/11/25,79.69
2011/11/28,79.26
2011/11/29,79.01
2011/11/30,78.38
2011/12/1,78.33
2011/12/2,78.62
2011/12/5,78.57
2011/12/6,78.5
2011/12/7,78.48
2011/12/8,78.83
2011/12/9,78.63
2011/12/12,79.53
2011/12/13,80.24
2011/12/14,80.59
2011/12/15,80.32
2011/12/16,80.26
2011/12/19,80.25
2011/12/20,79.88
2011/12/21,80.02
2011/12/22,79.96
2011/12/23,79.93
2011/12/26,79.93
2011/12/27,79.8
2011/12/28,80.5
2011/12/29,80.49
2011/12/30,80.18
2012/1/2,80.18
2012/1/3,79.61
2012/1/4,80.13
2012/1/5,80.94
2012/1/6,81.25
2012/1/9,81.05
2012/1/10,80.81
2012/1/11,81.35
2012/1/12,80.77
2012/1/13,81.52
2012/1/16,81.52
2012/1/17,81.18
2012/1/18,80.61
2012/1/19,80.22
2012/1/20,80.22
2012/1/23,79.78
2012/1/24,79.87
2012/1/25,79.58
2012/1/26,79.39
2012/1/27,78.9
2012/1/30,79.17
2012/1/31,79.29
2012/2/1,78.92
2012/2/2,78.99
2012/2/3,78.92
2012/2/6,79.07
2012/2/7,78.58
2012/2/8,78.64
2012/2/9,78.57
2012/2/10,79.11
2012/2/13,78.95
2012/2/14,79.58
2012/2/15,79.67
2012/2/16,79.35
2012/2/17,79.33
2012/2/20,79.33
2012/2/21,79.04
2012/2/22,79.21
2012/2/23,78.82
2012/2/24,78.35
2012/2/27,78.57
2012/2/28,78.27
2012/2/29,78.74
2012/3/1,78.79
2012/3/2,79.4
2012/3/5,79.3
2012/3/6,79.87
2012/3/7,79.71
2012/3/8,79.14
2012/3/9,80.04
2012/3/12,79.89
2012/3/13,80.19
2012/3/14,80.56
2012/3/15,80.15
2012/3/16,79.79
2012/3/19,79.79
2012/3/20,79.59
2012/3/21,79.66
2012/3/22,79.74
2012/3/23,79.34
2012/3/26,78.98
2012/3/27,79.05
2012/3/28,79.13
2012/3/29,79.19
2012/3/30,79
2012/4/2,78.82
2012/4/3,79.48
2012/4/4,79.78
2012/4/5,80.08
2012/4/6,79.89
2012/4/9,79.73
2012/4/10,79.89
2012/4/11,79.8
2012/4/12,79.28
2012/4/13,79.89
2012/4/16,79.56
2012/4/17,79.48
2012/4/18,79.54
2012/4/19,79.56
2012/4/20,79.19
2012/4/23,79.42
2012/4/24,79.22
2012/4/25,79.01
2012/4/26,78.92
2012/4/27,78.71
2012/4/30,78.78
2012/5/1,78.86
2012/5/2,79.13
2012/5/3,79.22
2012/5/4,79.5
2012/5/7,79.6
2012/5/8,79.74
2012/5/9,80.08
2012/5/10,80.11
2012/5/11,80.26
2012/5/14,80.61
2012/5/15,81.22
2012/5/16,81.37
2012/5/17,81.38
2012/5/18,81.29
2012/5/21,81.08
2012/5/22,81.49
2012/5/23,82.09
2012/5/24,82.35
2012/5/25,82.4
2012/5/28,82.4
2012/5/29,82.48
2012/5/30,83.02
2012/5/31,83.04
2012/6/1,82.89
2012/6/4,82.56
2012/6/5,82.83
2012/6/6,82.32
2012/6/7,82.05
2012/6/8,82.51
2012/6/11,82.52
2012/6/12,82.42
2012/6/13,82.06
2012/6/14,81.99
2012/6/15,81.63
2012/6/18,81.95
2012/6/19,81.38
2012/6/20,81.58
2012/6/21,82.29
2012/6/22,82.26
2012/6/25,82.5
2012/6/26,82.37
2012/6/27,82.62
2012/6/28,82.81
2012/6/29,81.63
2012/7/2,81.87
2012/7/3,81.78
2012/7/4,81.78
2012/7/5,82.81
2012/7/6,83.38
2012/7/9,83.16
2012/7/10,83.4
2012/7/11,83.57
2012/7/12,83.66
2012/7/13,83.35
2012/7/16,83.1
2012/7/17,83.03
2012/7/18,83.07
2012/7/19,82.88
2012/7/20,83.48
2012/7/23,83.71
2012/7/24,84
2012/7/25,83.52
2012/7/26,82.81
2012/7/27,82.71
2012/7/30,82.79
2012/7/31,82.64
2012/8/1,83.06
2012/8/2,83.36
2012/8/3,82.38
2012/8/6,82.27
2012/8/7,82.21
2012/8/8,82.39
2012/8/9,82.64
2012/8/10,82.55
2012/8/13,82.44
2012/8/14,82.48
2012/8/15,82.64
2012/8/16,82.36
2012/8/17,82.6
2012/8/20,82.46
2012/8/21,81.91
2012/8/22,81.49
2012/8/23,81.36
2012/8/24,81.59
2012/8/27,81.66
2012/8/28,81.37
2012/8/29,81.55
2012/8/30,81.69
2012/8/31,81.21
2012/9/3,81.21
2012/9/4,81.31
2012/9/5,81.23
2012/9/6,81.04
2012/9/7,80.25
2012/9/10,80.25
2012/9/11,79.86
2012/9/12,79.74
2012/9/13,79.26
2012/9/14,78.85
2012/9/17,79.01
2012/9/18,79.25
2012/9/19,79.06
2012/9/20,79.41
2012/9/21,79.33
2012/9/24,79.52
2012/9/25,79.55
2012/9/26,79.89
2012/9/27,79.55
2012/9/28,79.94
2012/10/1,79.82
2012/10/2,79.74
2012/10/3,79.97
2012/10/4,79.35
2012/10/5,79.34
2012/10/8,79.54
2012/10/9,79.95
2012/10/10,79.92
2012/10/11,79.78
2012/10/12,79.67
2012/10/15,79.74
2012/10/16,79.41
2012/10/17,79.02
2012/10/18,79.37
2012/10/19,79.62
2012/10/22,79.65
2012/10/23,79.98
2012/10/24,79.91
2012/10/25,80.04
2012/10/26,80.07
2012/10/29,80.23
2012/10/30,79.93
2012/10/31,79.92
2012/11/1,80.05
2012/11/2,80.59
2012/11/5,80.75
2012/11/6,80.61
2012/11/7,80.76
2012/11/8,80.79
2012/11/9,81.03
2012/11/12,81.03
2012/11/13,81.08
2012/11/14,81.06
2012/11/15,81.08
2012/11/16,81.26
2012/11/19,80.87
2012/11/20,80.96
2012/11/21,80.93
2012/11/22,80.93
2012/11/23,80.19
2012/11/26,80.25
2012/11/27,80.4
2012/11/28,80.34
2012/11/29,80.2
2012/11/30,80.15
2012/12/3,79.88
2012/12/4,79.64
2012/12/5,79.77
2012/12/6,80.26
2012/12/7,80.41
2012/12/10,80.33
2012/12/11,80.06
2012/12/12,79.81
2012/12/13,79.93
2012/12/14,79.58
2012/12/17,79.57
2012/12/18,79.36
2012/12/19,79.27
2012/12/20,79.26
2012/12/21,79.62
2012/12/24,79.64
2012/12/25,79.64
2012/12/26,79.62
2012/12/27,79.62
2012/12/28,79.68
2012/12/31,79.77
2013/1/1,79.77
2013/1/2,79.84
2013/1/3,80.38
2013/1/4,80.5
2013/1/7,80.26
2013/1/8,80.34
2013/1/9,80.56
2013/1/10,79.74
2013/1/11,79.56
2013/1/14,79.49
2013/1/15,79.78
2013/1/16,79.8
2013/1/17,79.65
2013/1/18,80.04
2013/1/21,80.04
2013/1/22,79.87
2013/1/23,79.92
2013/1/24,79.95
2013/1/25,79.75
2013/1/28,79.75
2013/1/29,79.56
2013/1/30,79.28
2013/1/31,79.21
2013/2/1,79.21
2013/2/4,79.55
2013/2/5,79.49
2013/2/6,79.72
2013/2/7,80.19
2013/2/8,80.21
2013/2/11,80.31
2013/2/12,80.11
2013/2/13,80.09
2013/2/14,80.46
2013/2/15,80.58
2013/2/18,80.58
2013/2/19,80.47
2013/2/20,81.07
2013/2/21,81.46
2013/2/22,81.46
2013/2/25,81.67
2013/2/26,81.87
2013/2/27,81.6
2013/2/28,81.95
2013/3/1,82.28
2013/3/4,82.19
2013/3/5,82.09
2013/3/6,82.46
2013/3/7,82.08
2013/3/8,82.72
2013/3/11,82.57
2013/3/12,82.58
2013/3/13,82.89
2013/3/14,82.61
2013/3/15,82.13
2013/3/18,82.69
2013/3/19,82.99
2013/3/20,82.78
2013/3/21,82.74
2013/3/22,82.53
2013/3/25,82.83
2013/3/26,82.88
2013/3/27,83.22
2013/3/28,82.99
2013/3/29,83.22
2013/4/1,82.73
2013/4/2,82.92
2013/4/3,82.72
2013/4/4,82.68
2013/4/5,82.5
2013/4/8,82.75
2013/4/9,82.31
2013/4/10,82.53
2013/4/11,82.25
2013/4/12,82.13
2013/4/15,82.42
2013/4/16,81.75
2013/4/17,82.68
2013/4/18,82.56
2013/4/19,82.71
2013/4/22,82.68
2013/4/23,83.05
2013/4/24,83.05
2013/4/25,82.74
2013/4/26,82.47
2013/4/29,82.15
2013/4/30,81.75
2013/5/1,81.48
2013/5/2,82.22
2013/5/3,82.1
2013/5/6,82.31
2013/5/7,82.25
2013/5/8,81.9
2013/5/9,82.79
2013/5/10,83.14
2013/5/13,83.28
2013/5/14,83.59
2013/5/15,83.83
2013/5/16,83.59
2013/5/17,84.25
2013/5/20,83.74
2013/5/21,83.86
2013/5/22,84.35
2013/5/23,83.8
2013/5/24,83.7
2013/5/27,83.7
2013/5/28,84.1
2013/5/29,83.66
2013/5/30,83.04
2013/5/31,83.26
2013/6/3,82.66
2013/6/4,82.77
2013/6/5,82.59
2013/6/6,81.54
2013/6/7,81.67
2013/6/10,81.65
2013/6/11,81.11
2013/6/12,80.95
2013/6/13,80.75
2013/6/14,80.62
2013/6/17,80.79
2013/6/18,80.61
2013/6/19,81.43
2013/6/20,81.92
2013/6/21,82.41
2013/6/24,82.42
2013/6/25,82.58
2013/6/26,82.98
2013/6/27,82.9
2013/6/28,83.14
2013/7/1,83.05
2013/7/2,83.54
2013/7/3,83.23
2013/7/4,83.23
2013/7/5,84.44
2013/7/8,84.19
2013/7/9,84.58
2013/7/10,84.04
2013/7/11,82.75
2013/7/12,82.99
2013/7/15,83.04
2013/7/16,82.5
2013/7/17,82.71
2013/7/18,82.82
2013/7/19,82.62
2013/7/22,82.22
2013/7/23,81.94
2013/7/24,82.29
2013/7/25,81.97
2013/7/26,81.66
2013/7/29,81.66
2013/7/30,81.83
2013/7/31,81.45
2013/8/1,82.34
2013/8/2,81.91
2013/8/5,81.88
2013/8/6,81.6
2013/8/7,81.29
2013/8/8,80.98
2013/8/9,81.13
2013/8/12,81.33
2013/8/13,81.77
2013/8/14,81.71
2013/8/15,81.18
2013/8/16,81.26
2013/8/19,81.23
2013/8/20,80.91
2013/8/21,81.21
2013/8/22,81.49
2013/8/23,81.36
2013/8/26,81.41
2013/8/27,81.17
2013/8/28,81.43
2013/8/29,81.95
2013/8/30,82.09
2013/9/2,82.09
2013/9/3,82.36
2013/9/4,82.17
2013/9/5,82.63
2013/9/6,82.15
2013/9/9,81.79
2013/9/10,81.82
2013/9/11,81.52
2013/9/12,81.49
2013/9/13,81.45
2013/9/16,81.3
2013/9/17,81.14
2013/9/18,80.24
2013/9/19,80.37
2013/9/20,80.43
2013/9/23,80.45
2013/9/24,80.56
2013/9/25,80.33
2013/9/26,80.52
2013/9/27,80.29
2013/9/30,80.22
2013/10/1,80.14
2013/10/2,79.9
2013/10/3,79.75
2013/10/4,80.13
2013/10/7,79.94
2013/10/8,80.06
2013/10/9,80.38
2013/10/10,80.42
2013/10/11,80.41
2013/10/14,80.26
2013/10/15,80.48
2013/10/16,80.47
2013/10/17,79.65
2013/10/18,79.65
2013/10/21,79.69
2013/10/22,79.23
2013/10/23,79.26
2013/10/24,79.19
2013/10/25,79.19
2013/10/28,79.25
2013/10/29,79.61
2013/10/30,79.78
2013/10/31,80.19
2013/11/1,80.72
2013/11/4,80.55
2013/11/5,80.71
2013/11/6,80.48
2013/11/7,80.84
2013/11/8,81.3
2013/11/11,81.09
2013/11/12,81.19
2013/11/13,80.93
2013/11/14,81.02
2013/11/15,80.85
2013/11/18,80.83
2013/11/19,80.7
2013/11/20,81.11
2013/11/21,81.07
2013/11/22,80.71
2013/11/25,80.92
2013/11/26,80.61
2013/11/27,80.72
2013/11/28,80.72
2013/11/29,80.68
2013/12/2,80.92
2013/12/3,80.92
2013/12/4,80.62
2013/12/5,80.23
2013/12/6,80.31
2013/12/9,80.13
2013/12/10,79.97
2013/12/11,79.89
2013/12/12,80.21
2013/12/13,80.21
2013/12/16,80.07
2013/12/17,80.06
2013/12/18,80.11
2013/12/19,80.63
2013/12/20,80.58
2013/12/23,80.45
2013/12/24,80.45
2013/12/25,80.45
2013/12/26,80.48
2013/12/27,80.39
2013/12/30,80
2013/12/31,80.03
2014/1/1,80.03
2014/1/2,80.63
2014/1/3,80.79
2014/1/6,80.65
2014/1/7,80.83
2014/1/8,81.02
2014/1/9,81
2014/1/10,80.66
2014/1/13,80.51
2014/1/14,80.66
2014/1/15,81.03
2014/1/16,80.91
2014/1/17,81.22
2014/1/20,81.22
2014/1/21,81.1
2014/1/22,81.17
2014/1/23,80.44
2014/1/24,80.46
2014/1/27,80.52
2014/1/28,80.57
2014/1/29,80.5
2014/1/30,81.08
2014/1/31,81.31
2014/2/3,81.01
2014/2/4,81.12
2014/2/5,81.04
2014/2/6,80.91
2014/2/7,80.69
2014/2/10,80.64
2014/2/11,80.64
2014/2/12,80.68
2014/2/13,80.32
2014/2/14,80.15
2014/2/17,80.14
2014/2/18,80.01
2014/2/19,80.14
2014/2/20,80.29
2014/2/21,80.24
2014/2/24,80.2
2014/2/25,80.14
2014/2/26,80.43
2014/2/27,80.28
2014/2/28,79.69
2014/3/3,80.08
2014/3/4,80.17
2014/3/5,80.11
2014/3/6,79.66
2014/3/7,79.72
2014/3/10,79.77
2014/3/11,79.74
2014/3/12,79.61
2014/3/13,79.62
2014/3/14,79.45
2014/3/17,79.39
2014/3/18,79.41
2014/3/19,80
2014/3/20,80.19
2014/3/21,80.11
2014/3/24,79.93
2014/3/25,79.94
2014/3/26,80.03
2014/3/27,80.11
2014/3/28,80.18
2014/3/31,80.1
2014/4/1,80.09
2014/4/2,80.22
2014/4/3,80.47
2014/4/4,80.42
2014/4/7,80.23
2014/4/8,79.75
2014/4/9,79.48
2014/4/10,79.38
2014/4/11,79.45
2014/4/14,79.73
2014/4/15,79.8
2014/4/16,79.8
2014/4/17,79.83
2014/4/18,79.83
2014/4/21,79.94
2014/4/22,79.91
2014/4/23,79.86
2014/4/24,79.8
2014/4/25,79.75
2014/4/28,79.68
2014/4/29,79.81
2014/4/30,79.47
2014/5/1,79.53
2014/5/2,79.52
2014/5/5,79.49
2014/5/6,79.09
2014/5/7,79.2
2014/5/8,79.36
2014/5/9,79.9
2014/5/12,79.9
2014/5/13,80.14
2014/5/14,80.07
2014/5/15,80
2014/5/16,80.04
2014/5/19,79.99
2014/5/20,80.04
2014/5/21,80.09
2014/5/22,80.25
2014/5/23,80.39
2014/5/26,80.39
2014/5/27,80.35
2014/5/28,80.57
2014/5/29,80.49
2014/5/30,80.37
2014/6/2,80.64
2014/6/3,80.55
2014/6/4,80.66
2014/6/5,80.37
2014/6/6,80.41
2014/6/9,80.65
2014/6/10,80.82
2014/6/11,80.77
2014/6/12,80.58
2014/6/13,80.58
2014/6/16,80.47
2014/6/17,80.63
2014/6/18,80.58
2014/6/19,80.32
2014/6/20,80.37
2014/6/23,80.27
2014/6/24,80.33
2014/6/25,80.22
2014/6/26,80.22
2014/6/27,80.02
2014/6/30,79.78
2014/7/1,79.81
2014/7/2,79.96
2014/7/3,80.21
2014/7/4,80.27
2014/7/7,80.22
2014/7/8,80.18
2014/7/9,79.99
2014/7/10,80.13
2014/7/11,80.19
2014/7/14,80.19
2014/7/15,80.39
2014/7/16,80.56
2014/7/17,80.5
2014/7/18,80.52
2014/7/21,80.56
2014/7/22,80.78
2014/7/23,80.82
2014/7/24,80.87
2014/7/25,81.03
2014/7/28,81.03
2014/7/29,81.21
2014/7/30,81.43
2014/7/31,81.46
2014/8/1,81.3
2014/8/4,81.33
2014/8/5,81.33
2014/8/6,81.44
2014/8/7,81.52
2014/8/8,81.45
2014/8/11,81.47
2014/8/12,81.5
2014/8/13,81.6
2014/8/14,81.59
2014/8/15,81.42
2014/8/18,81.58
2014/8/19,81.88
2014/8/20,82.23
2014/8/21,82.15
2014/8/22,82.34
2014/8/25,82.55
2014/8/26,82.65
2014/8/27,82.43
2014/8/28,82.48
2014/8/29,82.75
2014/9/1,82.75
2014/9/2,82.99
2014/9/3,82.86
2014/9/4,83.82
2014/9/5,83.74
2014/9/8,84.23
2014/9/9,84.28
2014/9/10,84.28
2014/9/11,84.3
2014/9/12,84.24
2014/9/15,84.26
2014/9/16,84.07
2014/9/17,84.34
2014/9/18,84.32
2014/9/19,84.73
2014/9/22,84.75
2014/9/23,84.66
2014/9/24,85.04
2014/9/25,85.19
2014/9/26,85.64
2014/9/29,85.59
2014/9/30,85.94
2014/10/1,85.97
2014/10/2,85.6
2014/10/3,86.69
2014/10/6,85.93
2014/10/7,85.67
2014/10/8,85.3
2014/10/9,85.52
2014/10/10,85.91
2014/10/13,85.53
2014/10/14,85.82
2014/10/15,85.15
2014/10/16,84.95
2014/10/17,85.11
2014/10/20,84.95
2014/10/21,85.3
2014/10/22,85.74
2014/10/23,85.84
2014/10/24,85.73
2014/10/27,85.5
2014/10/28,85.41
2014/10/29,85.95
2014/10/30,86.15
2014/10/31,86.92
2014/11/3,87.31
2014/11/4,86.98
2014/11/5,87.44
2014/11/6,88.01
2014/11/7,87.64
2014/11/10,87.81
2014/11/11,87.53
2014/11/12,87.82
2014/11/13,87.67
2014/11/14,87.53
2014/11/17,87.93
2014/11/18,87.58
2014/11/19,87.65
2014/11/20,87.59
2014/11/21,88.31
2014/11/24,88.15
2014/11/25,87.92
2014/11/26,87.61
2014/11/27,87.61
2014/11/28,88.36
2014/12/1,87.95
2014/12/2,88.65
2014/12/3,88.96
2014/12/4,88.7
2014/12/5,89.33
2014/12/8,89.04
2014/12/9,88.69
2014/12/10,88.27
2014/12/11,88.66
2014/12/12,88.36
2014/12/15,88.46
2014/12/16,88.12
2014/12/17,89.13
2014/12/18,89.23
2014/12/19,89.6
2014/12/22,89.77
2014/12/23,90.06
2014/12/24,89.97
2014/12/26,90.03
2014/12/29,90.19
2014/12/30,89.99
2014/12/31,90.27
2015/1/2,91.08
2015/1/5,91.38
2015/1/6,91.5
2015/1/7,91.89
2015/1/8,92.37
2015/1/9,91.94
2015/1/12,91.98
2015/1/13,92.31
2015/1/14,92.16
2015/1/15,92.35
2015/1/16,92.52
2015/1/19,92.52
2015/1/20,93.05
2015/1/21,92.9
2015/1/22,94.08
2015/1/23,94.76
2015/1/26,94.8
2015/1/27,94.02
2015/1/28,94.47
2015/1/29,94.78
2015/1/30,94.8
2015/2/2,94.5
2015/2/3,93.6
2015/2/4,93.99
2015/2/5,93.57
2015/2/6,95.85
2015/2/9,94.45
2015/2/10,94.76
2015/2/11,94.98
2015/2/12,94.09
2015/2/13,94.2
2015/2/16,94.2
2015/2/17,94.06
2015/2/18,94.2
2015/2/19,94.4
2015/2/20,94.34
2015/2/23,94.57
2015/2/24,94.49
2015/2/25,94.21
2015/2/26,95.29
2015/2/27,95.32
2015/3/2,95.46
2015/3/3,95.38
2015/3/4,95.97
2015/3/5,96.38
2015/3/6,97.61
2015/3/9,97.59
2015/3/10,98.62
2015/3/11,99.8
2015/3/12,99.44
2015/3/13,100.33
2015/3/16,99.6
2015/3/17,99.58
2015/3/18,98.55
2015/3/19,99.26
2015/3/20,97.91
2015/3/23,97.03
2015/3/24,97.19
2015/3/25,96.98
2015/3/26,97.44
2015/3/27,97.29
2015/3/30,97.97
2015/3/31,98.36
2015/4/1,98.19
2015/4/2,97.44
2015/4/3,96.55
2015/4/6,96.78
2015/4/7,97.83
2015/4/8,97.94
2015/4/9,99.16
2015/4/10,99.34
2015/4/13,99.49
2015/4/14,98.73
2015/4/15,98.32
2015/4/16,97.42
2015/4/17,97.52
2015/4/20,97.94
2015/4/21,98
2015/4/22,97.93
2015/4/23,97.28
2015/4/24,96.92
2015/4/27,96.77
2015/4/28,96.09
2015/4/29,95.21
2015/4/30,94.6
2015/5/1,95.3
2015/5/4,95.48
2015/5/5,95.08
2015/5/6,94.09
2015/5/7,94.64
2015/5/8,94.79
2015/5/11,95.01
2015/5/12,94.53
2015/5/13,93.62
2015/5/14,93.46
2015/5/15,93.14
2015/5/18,94.22
2015/5/19,95.27
2015/5/20,95.45
2015/5/21,95.25
2015/5/22,96.11
2015/5/25,96.01
2015/5/26,97.3
2015/5/27,97.37
2015/5/28,96.97
2015/5/29,96.91
2015/6/1,97.39
2015/6/2,95.83
2015/6/3,95.47
2015/6/4,95.46
2015/6/5,96.31
2015/6/8,95.3
2015/6/9,95.17
2015/6/10,94.65
2015/6/11,94.98
2015/6/12,94.97
2015/6/15,94.81
2015/6/16,95
2015/6/17,94.3
2015/6/18,94.04
2015/6/19,94.08
2015/6/22,94.33
2015/6/23,95.43
2015/6/24,95.26
2015/6/25,95.19
2015/6/26,95.47
2015/6/29,94.79
2015/6/30,95.48
2015/7/1,96.31
2015/7/2,96.11
2015/7/3,96.11
2015/7/6,96.3
2015/7/7,96.86
2015/7/8,96.29
2015/7/9,96.61
2015/7/10,96.03
2015/7/13,96.86
2015/7/14,96.64
2015/7/15,97.17
2015/7/16,97.67
2015/7/17,97.86
2015/7/20,98.03
2015/7/21,97.33
2015/7/22,97.6
2015/7/23,97.11
2015/7/24,97.24
2015/7/27,96.5
2015/7/28,96.77
2015/7/29,96.98
2015/7/30,97.56
2015/7/31,97.34
2015/8/3,97.49
2015/8/4,97.93
2015/8/5,97.96
2015/8/6,97.83
2015/8/7,97.56
2015/8/10,97.16
2015/8/11,97.29
2015/8/12,96.26
2015/8/13,96.44
2015/8/14,96.52
2015/8/17,96.81
2015/8/18,97.04
2015/8/19,96.36
2015/8/20,95.98
2015/8/21,95.01
2015/8/24,93.33
2015/8/25,94.53
2015/8/26,95.1
2015/8/27,95.61
2015/8/28,96.11
2015/8/31,95.82
2015/9/1,95.45
2015/9/2,95.83
2015/9/3,96.41
2015/9/4,96.23
2015/9/7,96.23
2015/9/8,95.98
2015/9/9,96.01
2015/9/10,95.46
2015/9/11,95.19
2015/9/14,95.25
2015/9/15,95.61
2015/9/16,95.42
2015/9/17,94.55
2015/9/18,94.86
2015/9/21,95.89
2015/9/22,96.28
2015/9/23,96.07
2015/9/24,96.69
2015/9/25,96.27
2015/9/28,96.03
2015/9/29,95.86
2015/9/30,96.35
2015/10/1,96.19
2015/10/2,95.83
2015/10/5,96.11
2015/10/6,95.45
2015/10/7,95.5
2015/10/8,95.32
2015/10/9,94.81
2015/10/12,94.84
2015/10/13,94.76
2015/10/14,93.93
2015/10/15,94.37
2015/10/16,94.54
2015/10/19,94.93
2015/10/20,94.91
2015/10/21,95.03
2015/10/22,96.38
2015/10/23,97.13
2015/10/26,96.86
2015/10/27,96.91
2015/10/28,97.78
2015/10/29,97.28
2015/10/30,96.95
2015/11/2,96.93
2015/11/3,97.16
2015/11/4,97.95
2015/11/5,97.94
2015/11/6,99.17
2015/11/9,98.98
2015/11/10,99.29
2015/11/11,99.01
2015/11/12,98.65
2015/11/13,99
2015/11/16,99.44
2015/11/17,99.63
2015/11/18,99.65
2015/11/19,98.99
2015/11/20,99.56
2015/11/23,99.8
2015/11/24,99.53
2015/11/25,99.8
2015/11/26,99.8
2015/11/27,100.02
2015/11/30,100.17
2015/12/1,99.8
2015/12/2,99.99
2015/12/3,97.62
2015/12/4,98.35
2015/12/7,98.66
2015/12/8,98.47
2015/12/9,97.34
2015/12/10,97.94
2015/12/11,97.56
2015/12/14,97.6
2015/12/15,98.22
2015/12/16,97.87
2015/12/17,99.27
2015/12/18,98.7
2015/12/21,98.36
2015/12/22,98.23
2015/12/23,98.34
2015/12/24,97.98
2015/12/28,97.92
2015/12/29,98.1
2015/12/30,98.27
2015/12/31,98.63
2016/1/4,98.87
2016/1/5,99.4
2016/1/6,99.18
2016/1/7,98.22
2016/1/8,98.54
2016/1/11,98.72
2016/1/12,98.97
2016/1/13,98.93
2016/1/14,99.09
2016/1/15,98.96
2016/1/18,98.96
2016/1/19,98.99
2016/1/20,99.09
2016/1/21,99.06
2016/1/22,99.57
2016/1/25,99.36
2016/1/26,99.36
2016/1/27,98.9
2016/1/28,98.51
2016/1/29,99.61
2016/2/1,99.01
2016/2/2,98.87
2016/2/3,97.29
2016/2/4,96.47
2016/2/5,97.03
2016/2/8,96.57
2016/2/9,96.07
2016/2/10,95.89
2016/2/11,95.56
2016/2/12,95.94
2016/2/15,95.98
2016/2/16,96.87
2016/2/17,96.79
2016/2/18,96.95
2016/2/19,96.6
2016/2/22,97.38
2016/2/23,97.48
2016/2/24,97.46
2016/2/25,97.29
2016/2/26,98.15
2016/2/29,98.21
2016/3/1,98.35
2016/3/2,98.21
2016/3/3,97.59
2016/3/4,97.34
2016/3/7,97.07
2016/3/8,97.21
2016/3/9,97.17
2016/3/10,96.07
2016/3/11,96.17
2016/3/14,96.62
2016/3/15,96.63
2016/3/16,95.89
2016/3/17,94.76
2016/3/18,95.09
2016/3/21,95.29
2016/3/22,95.65
2016/3/23,96.05
2016/3/24,96.14
2016/3/28,95.94
2016/3/29,95.16
2016/3/30,94.84
2016/3/31,94.59
2016/4/1,94.62
2016/4/4,94.51
2016/4/5,94.63
2016/4/6,94.43
2016/4/7,94.48
2016/4/8,94.23
2016/4/11,93.95
2016/4/12,93.96
2016/4/13,94.74
2016/4/14,94.9
2016/4/15,94.7
2016/4/18,94.49
2016/4/19,93.98
2016/4/20,94.49
2016/4/21,94.6
2016/4/22,95.12
2016/4/25,94.84
2016/4/26,94.57
2016/4/27,94.39
2016/4/28,93.76
2016/4/29,93.08
2016/5/2,92.63
2016/5/3,92.94
2016/5/4,93.18
2016/5/5,93.78
2016/5/6,93.89
2016/5/9,94.13
2016/5/10,94.29
2016/5/11,93.82
2016/5/12,94.15
2016/5/13,94.61
2016/5/16,94.57
2016/5/17,94.55
2016/5/18,95.08
2016/5/19,95.29
2016/5/20,95.33
2016/5/23,95.23
2016/5/24,95.57
2016/5/25,95.35
2016/5/26,95.17
2016/5/27,95.52
2016/5/30,95.52
2016/5/31,95.89
2016/6/1,95.45
2016/6/2,95.56
2016/6/3,94.03
2016/6/6,93.9
2016/6/7,93.83
2016/6/8,93.59
2016/6/9,93.95
2016/6/10,94.57
2016/6/13,94.36
2016/6/14,94.93
2016/6/15,94.61
2016/6/16,94.57
2016/6/17,94.21
2016/6/20,93.61
2016/6/21,94.02
2016/6/22,93.72
2016/6/23,93.53
2016/6/24,95.45
2016/6/27,96.54
2016/6/28,96.25
2016/6/29,95.77
2016/6/30,96.14
2016/7/1,95.65
2016/7/4,95.65
2016/7/5,96.17
2016/7/6,96.05
2016/7/7,96.33
2016/7/8,96.3
2016/7/11,96.57
2016/7/12,96.44
2016/7/13,96.22
2016/7/14,96.08
2016/7/15,96.58
2016/7/18,96.56
2016/7/19,97.06
2016/7/20,97.2
2016/7/21,97
2016/7/22,97.47
2016/7/25,97.29
2016/7/26,97.16
2016/7/27,97.05
2016/7/28,96.74
2016/7/29,95.53
2016/8/1,95.71
2016/8/2,95.06
2016/8/3,95.56
2016/8/4,95.76
2016/8/5,96.19
2016/8/8,96.4
2016/8/9,96.18
2016/8/10,95.65
2016/8/11,95.86
2016/8/12,95.72
2016/8/15,95.63
2016/8/16,94.79
2016/8/17,94.72
2016/8/18,94.16
2016/8/19,94.51
2016/8/22,94.52
2016/8/23,94.54
2016/8/24,94.79
2016/8/25,94.77
2016/8/26,95.57
2016/8/29,95.58
2016/8/30,96.05
2016/8/31,96.02
2016/9/1,95.65
2016/9/2,95.84
2016/9/5,95.84
2016/9/6,94.82
2016/9/7,94.96
2016/9/8,95.03
2016/9/9,95.34
2016/9/12,95.09
2016/9/13,95.63
2016/9/14,95.33
2016/9/15,95.29
2016/9/16,96.11
2016/9/19,95.84
2016/9/20,96.02
2016/9/21,95.66
2016/9/22,95.45
2016/9/23,95.48
2016/9/26,95.3
2016/9/27,95.44
2016/9/28,95.43
2016/9/29,95.53
2016/9/30,95.46
2016/10/3,95.69
2016/10/4,96.17
2016/10/5,96.12
2016/10/6,96.77
2016/10/7,96.63
2016/10/10,96.93
2016/10/11,97.69
2016/10/12,97.97
2016/10/13,97.52
2016/10/14,98.02
2016/10/17,97.89
2016/10/18,97.89
2016/10/19,97.92
2016/10/20,98.31
2016/10/21,98.69
2016/10/24,98.76
2016/10/25,98.72
2016/10/26,98.63
2016/10/27,98.89
2016/10/28,98.35
2016/10/31,98.44
2016/11/1,97.7
2016/11/2,97.4
2016/11/3,97.16
2016/11/4,97.06
2016/11/7,97.78
2016/11/8,97.86
2016/11/9,98.5
2016/11/10,98.78
2016/11/11,99.06
2016/11/14,100.11
2016/11/15,100.23
2016/11/16,100.41
2016/11/17,100.89
2016/11/18,101.21
2016/11/21,101.05
2016/11/22,101.04
2016/11/23,101.7
2016/11/24,101.7
2016/11/25,101.49
2016/11/28,101.33
2016/11/29,100.93
2016/11/30,101.5
2016/12/1,101.04
2016/12/2,100.77
2016/12/5,100.09
2016/12/6,100.49
2016/12/7,100.23
2016/12/8,101.1
2016/12/9,101.59
2016/12/12,101.03
2016/12/13,101.07
2016/12/14,101.76
2016/12/15,103.02
2016/12/16,102.95
2016/12/19,103.14
2016/12/20,103.29
2016/12/21,103.02
2016/12/22,103.09
2016/12/23,103.01
2016/12/26,103.01
2016/12/27,103.02
2016/12/28,103.3
2016/12/29,102.68
2016/12/30,102.21
2017/1/2,102.83
2017/1/3,103.21
2017/1/4,102.7
2017/1/5,101.52
2017/1/6,102.22
2017/1/9,101.93
2017/1/10,102.01
2017/1/11,101.78
2017/1/12,101.35
2017/1/13,101.18
2017/1/16,101.18
2017/1/17,100.33
2017/1/18,100.93
2017/1/19,101.15
2017/1/20,100.74
2017/1/23,100.16
2017/1/24,100.35
2017/1/25,100.03
2017/1/26,100.38
2017/1/27,100.53
2017/1/30,100.43
2017/1/31,99.51
2017/2/1,99.64
2017/2/2,99.79
2017/2/3,99.87
2017/2/6,99.91
2017/2/7,100.26
2017/2/8,100.28
2017/2/9,100.65
2017/2/10,100.8
2017/2/13,100.96
2017/2/14,101.25
2017/2/15,101.18
2017/2/16,100.44
2017/2/17,100.95
2017/2/20,100.95
2017/2/21,101.37
2017/2/22,101.22
2017/2/23,101.05
2017/2/24,101.09
2017/2/27,101.13
2017/2/28,101.12
2017/3/1,101.78
2017/3/2,102.2
2017/3/3,101.54
2017/3/6,101.64
2017/3/7,101.81
2017/3/8,102.07
2017/3/9,101.85
2017/3/10,101.25
2017/3/13,101.31
2017/3/14,101.7
2017/3/15,100.74
2017/3/16,100.36
2017/3/17,100.3
2017/3/20,100.41
2017/3/21,99.81
2017/3/22,99.68
2017/3/23,99.76
2017/3/24,99.63
2017/3/27,99.17
2017/3/28,99.71
2017/3/29,100
2017/3/30,100.41
2017/3/31,100.35
2017/4/3,100.54
2017/4/4,100.54
2017/4/5,100.56
2017/4/6,100.67
2017/4/7,101.18
2017/4/10,101.02
2017/4/11,100.71
2017/4/12,100.78
2017/4/13,100.56
2017/4/14,100.56
2017/4/17,100.29
2017/4/18,99.5
2017/4/19,99.74
2017/4/20,99.78
2017/4/21,99.98
2017/4/24,99.09
2017/4/25,98.78
2017/4/26,99.05
2017/4/27,99.08
2017/4/28,99.05
2017/5/1,99.08
2017/5/2,98.98
2017/5/3,99.21
2017/5/4,98.8
2017/5/5,98.65
2017/5/8,99.06
2017/5/9,99.66
2017/5/10,99.67
2017/5/11,99.62
2017/5/12,99.25
2017/5/15,98.91
2017/5/16,98.11
2017/5/17,97.58
2017/5/18,97.88
2017/5/19,97.14
2017/5/22,96.98
2017/5/23,97.35
2017/5/24,97.24
2017/5/25,97.25
2017/5/26,97.44
2017/5/29,97.44
2017/5/30,97.28
2017/5/31,96.92
2017/6/1,97.2
2017/6/2,96.72
2017/6/5,96.8
2017/6/6,96.64
2017/6/7,96.75
2017/6/8,96.92
2017/6/9,97.27
2017/6/12,97.14
2017/6/13,96.97
2017/6/14,96.94
2017/6/15,97.43
2017/6/16,97.16
2017/6/19,97.55
2017/6/20,97.76
2017/6/21,97.56
2017/6/22,97.59
2017/6/23,97.26
2017/6/26,97.43
2017/6/27,96.39
2017/6/28,96.01
2017/6/29,95.63
2017/6/30,95.63
2017/7/3,96.22
2017/7/4,96.22
2017/7/5,96.29
2017/7/6,95.8
2017/7/7,96.01
2017/7/10,96.02
2017/7/11,95.67
2017/7/12,95.76
2017/7/13,95.73
2017/7/14,95.15
2017/7/17,95.13
2017/7/18,94.6
2017/7/19,94.78
2017/7/20,94.31
2017/7/21,93.86
2017/7/24,93.98
2017/7/25,94.05
2017/7/26,93.67
2017/7/27,93.86
2017/7/28,93.26
2017/7/31,92.86
2017/8/1,93.04
2017/8/2,92.84
2017/8/3,92.84
2017/8/4,93.54
2017/8/7,93.43
2017/8/8,93.65
2017/8/9,93.55
2017/8/10,93.4
2017/8/11,93.07
2017/8/14,93.41
2017/8/15,93.85
2017/8/16,93.54
2017/8/17,93.62
2017/8/18,93.43
2017/8/21,93.09
2017/8/22,93.55
2017/8/23,93.15
2017/8/24,93.28
2017/8/25,92.74
2017/8/28,92.21
2017/8/29,92.25
2017/8/30,92.88
2017/8/31,92.67
2017/9/1,92.81
2017/9/4,92.64
2017/9/5,92.25
2017/9/6,92.29
2017/9/7,91.66
2017/9/8,91.35
2017/9/11,91.9
2017/9/12,91.88
2017/9/13,92.52
2017/9/14,92.12
2017/9/15,91.87
2017/9/18,92.05
2017/9/19,91.79
2017/9/20,92.51
2017/9/21,92.19
2017/9/22,92.17
2017/9/25,92.65
2017/9/26,92.97
2017/9/27,93.36
2017/9/28,93.08
2017/9/29,93.08
2017/10/2,93.56
2017/10/3,93.57
2017/10/4,93.46
2017/10/5,93.96
2017/10/6,93.8
2017/10/9,93.67
2017/10/10,93.29
2017/10/11,93.02
2017/10/12,93.06
2017/10/13,93.09
2017/10/16,93.31
2017/10/17,93.51
2017/10/18,93.36
2017/10/19,93.16
2017/10/20,93.7
2017/10/23,93.94
2017/10/24,93.77
2017/10/25,93.71
2017/10/26,94.61
2017/10/27,94.92
2017/10/30,94.56
2017/10/31,94.55
2017/11/1,94.81
2017/11/2,94.69
2017/11/3,94.94
2017/11/6,94.76
2017/11/7,94.91
2017/11/8,94.87
2017/11/9,94.44
2017/11/10,94.39
2017/11/13,94.49
2017/11/14,93.83
2017/11/15,93.81
2017/11/16,93.93
2017/11/17,93.66
2017/11/20,94.08
2017/11/21,93.95
2017/11/22,93.22
2017/11/23,93.22
2017/11/24,92.78
2017/11/27,92.9
2017/11/28,93.27
2017/11/29,93.16
2017/11/30,93.05
2017/12/1,92.89
2017/12/4,93.19
2017/12/5,93.38
2017/12/6,93.61
2017/12/7,93.8
2017/12/8,93.9
2017/12/11,93.87
2017/12/12,94.1
2017/12/13,93.43
2017/12/14,93.49
2017/12/15,93.93
2017/12/18,93.69
2017/12/19,93.44
2017/12/20,93.31
2017/12/21,93.28
2017/12/22,93.35
2017/12/25,93.35
2017/12/26,93.26
2017/12/27,93.03
2017/12/28,92.6
2017/12/29,92.12
2018/1/2,91.87
2018/1/3,92.16
2018/1/4,91.85
2018/1/5,91.95
2018/1/8,92.36
2018/1/9,92.53
2018/1/10,92.33
2018/1/11,91.85
2018/1/12,90.97
2018/1/15,90.97
2018/1/16,90.39
2018/1/17,90.54
2018/1/18,90.5
2018/1/19,90.57
2018/1/22,90.4
2018/1/23,90.12
2018/1/24,89.21
2018/1/25,89.39
2018/1/26,89.07
2018/1/29,89.31
2018/1/30,89.16
2018/1/31,89.13
2018/2/1,88.67
2018/2/2,89.19
2018/2/5,89.55
2018/2/6,89.58
2018/2/7,90.25
2018/2/8,90.23
2018/2/9,90.44
2018/2/12,90.21
2018/2/13,89.7
2018/2/14,89.12
2018/2/15,88.59
2018/2/16,89.1
2018/2/19,89.1
2018/2/20,89.72
2018/2/21,90
2018/2/22,89.74
2018/2/23,89.88
2018/2/26,89.85
2018/2/27,90.36
2018/2/28,90.61
2018/3/1,90.32
2018/3/2,89.94
2018/3/5,90.08
2018/3/6,89.62
2018/3/7,89.64
2018/3/8,90.18
2018/3/9,90.09
2018/3/12,89.89
2018/3/13,89.66
2018/3/14,89.7
2018/3/15,90.14
2018/3/16,90.23
2018/3/19,89.77
2018/3/20,90.37
2018/3/21,89.78
2018/3/22,89.86
2018/3/23,89.48
2018/3/26,89.03
2018/3/27,89.33
2018/3/28,90.06
2018/3/29,90.15
2018/3/30,89.97
2018/4/2,90.05
2018/4/3,90.2
2018/4/4,90.14
2018/4/5,90.46
2018/4/6,90.11
2018/4/9,89.84
2018/4/10,89.59
2018/4/11,89.57
2018/4/12,89.75
2018/4/13,89.8
2018/4/16,89.42
2018/4/17,89.52
2018/4/18,89.62
2018/4/19,89.94
2018/4/20,90.32
2018/4/23,90.95
2018/4/24,90.77
2018/4/25,91.17
2018/4/26,91.56
2018/4/27,91.54
2018/4/30,91.84
2018/5/1,92.45
2018/5/2,92.51
2018/5/3,92.41
2018/5/4,92.57
2018/5/7,92.75
2018/5/8,93.12
2018/5/9,93.04
2018/5/10,92.65
2018/5/11,92.54
2018/5/14,92.59
2018/5/15,93.22
2018/5/16,93.39
2018/5/17,93.47
2018/5/18,93.64
2018/5/21,93.68
2018/5/22,93.61
2018/5/23,94
2018/5/24,93.76
2018/5/25,94.19
2018/5/28,94.19
2018/5/29,94.83
2018/5/30,94.15
2018/5/31,93.98
2018/6/1,94.19
2018/6/4,94.02
2018/6/5,93.9
2018/6/6,93.66
2018/6/7,93.4
2018/6/8,93.55
2018/6/11,93.58
2018/6/12,93.8
2018/6/13,93.71
2018/6/14,94.77
2018/6/15,94.79
2018/6/18,94.8
2018/6/19,95.08
2018/6/20,95.06
2018/6/21,94.74
2018/6/22,94.52
2018/6/25,94.28
2018/6/26,94.66
2018/6/27,95.27
2018/6/28,95.39
2018/6/29,94.64
2018/7/2,95.03
2018/7/3,94.67
2018/7/4,94.67
2018/7/5,94.47
2018/7/6,94.04
2018/7/9,94.08
2018/7/10,94.15
2018/7/11,94.72
2018/7/12,94.81
2018/7/13,94.75
2018/7/16,94.51
2018/7/17,94.94
2018/7/18,95.08
2018/7/19,95.15
2018/7/20,94.45
2018/7/23,94.67
2018/7/24,94.61
2018/7/25,94.36
2018/7/26,94.75
2018/7/27,94.67
2018/7/30,94.32
2018/7/31,94.49
2018/8/1,94.62
2018/8/2,95.16
2018/8/3,95.14
2018/8/6,95.36
2018/8/7,95.22
2018/8/8,95.05
2018/8/9,95.5
2018/8/10,96.36
2018/8/13,96.39
2018/8/14,96.73
2018/8/15,96.7
2018/8/16,96.64
2018/8/17,96.1
2018/8/20,95.9
2018/8/21,95.26
2018/8/22,95.15
2018/8/23,95.67
2018/8/24,95.15
2018/8/27,94.78
2018/8/28,94.72
2018/8/29,94.6
2018/8/30,94.72
2018/8/31,95.14
2018/9/3,95.14
2018/9/4,95.44
2018/9/5,95.18
2018/9/6,95.02
2018/9/7,95.36
2018/9/10,95.15
2018/9/11,95.25
2018/9/12,94.8
2018/9/13,94.52
2018/9/14,94.93
2018/9/17,94.5
2018/9/18,94.64
2018/9/19,94.54
2018/9/20,93.91
2018/9/21,94.22
2018/9/24,94.19
2018/9/25,94.13
2018/9/26,94.19
2018/9/27,94.89
2018/9/28,95.13
2018/10/1,95.3
2018/10/2,95.51
2018/10/3,95.76
2018/10/4,95.75
2018/10/5,95.62
2018/10/8,95.76
2018/10/9,95.67
2018/10/10,95.51
2018/10/11,95.02
2018/10/12,95.22
2018/10/15,95.06
2018/10/16,95.05
2018/10/17,95.58
2018/10/18,95.9
2018/10/19,95.71
2018/10/22,96.01
2018/10/23,95.96
2018/10/24,96.43
2018/10/25,96.68
2018/10/26,96.36
2018/10/29,96.58
2018/10/30,97.01
2018/10/31,97.13
2018/11/1,96.28
2018/11/2,96.54
2018/11/5,96.28
2018/11/6,96.32
2018/11/7,96
2018/11/8,96.72
2018/11/9,96.91
2018/11/12,97.54
2018/11/13,97.3
2018/11/14,96.8
2018/11/15,96.93
2018/11/16,96.47
2018/11/19,96.19
2018/11/20,96.84
2018/11/21,96.71
2018/11/22,96.71
2018/11/23,96.92
2018/11/26,97.07
2018/11/27,97.37
2018/11/28,96.79
2018/11/29,96.78
2018/11/30,97.27
2018/12/3,97.04
2018/12/4,96.97
2018/12/5,97.07
2018/12/6,96.81
2018/12/7,96.51
2018/12/10,97.22
2018/12/11,97.39
2018/12/12,97.04
2018/12/13,97.06
2018/12/14,97.44
2018/12/17,97.1
2018/12/18,97.1
2018/12/19,97.03
2018/12/20,96.28
2018/12/21,96.96
2018/12/24,96.55
2018/12/25,96.55
2018/12/26,97.05
2018/12/27,96.48
2018/12/28,96.4
2018/12/31,96.17
2019/1/1,96.17
2019/1/2,96.82
2019/1/3,96.31
2019/1/4,96.18
2019/1/7,95.67
2019/1/8,95.9
2019/1/9,95.22
2019/1/10,95.54
2019/1/11,95.67
2019/1/14,95.61
2019/1/15,96.04
2019/1/16,96.06
2019/1/17,96.06
2019/1/18,96.34
2019/1/21,96.34
2019/1/22,96.3
2019/1/23,96.12
2019/1/24,96.6
2019/1/25,95.79
2019/1/28,95.75
2019/1/29,95.82
2019/1/30,95.34
2019/1/31,95.58
2019/2/1,95.58
2019/2/4,95.85
2019/2/5,96.07
2019/2/6,96.39
2019/2/7,96.51
2019/2/8,96.64
2019/2/11,97.06
2019/2/12,96.71
2019/2/13,97.13
2019/2/14,96.98
2019/2/15,96.9
2019/2/18,96.9
2019/2/19,96.52
2019/2/20,96.45
2019/2/21,96.61
2019/2/22,96.51
2019/2/25,96.41
2019/2/26,96
2019/2/27,96.15
2019/2/28,96.16
2019/3/1,96.53
2019/3/4,96.68
2019/3/5,96.87
2019/3/6,96.87
2019/3/7,97.67
2019/3/8,97.31
2019/3/11,97.22
2019/3/12,96.94
2019/3/13,96.55
2019/3/14,96.78
2019/3/15,96.59
2019/3/18,96.52
2019/3/19,96.38
2019/3/20,95.76
2019/3/21,96.5
2019/3/22,96.65
2019/3/25,96.57
2019/3/26,96.74
2019/3/27,96.77
2019/3/28,97.2
2019/3/29,97.28
2019/4/1,97.23
2019/4/2,97.36
2019/4/3,97.09
2019/4/4,97.31
2019/4/5,97.39
2019/4/8,97.05
2019/4/9,97.01
2019/4/10,96.95
2019/4/11,97.18
2019/4/12,96.97
2019/4/15,96.94
2019/4/16,97.04
2019/4/17,97.01
2019/4/18,97.47
2019/4/19,97.38
2019/4/22,97.29
2019/4/23,97.64
2019/4/24,98.17
2019/4/25,98.2
2019/4/26,98.01
2019/4/29,97.86
2019/4/30,97.48
2019/5/1,97.69
2019/5/2,97.83
2019/5/3,97.52
2019/5/6,97.52
2019/5/7,97.63
2019/5/8,97.62
2019/5/9,97.37
2019/5/10,97.33
2019/5/13,97.32
2019/5/14,97.53
2019/5/15,97.57
2019/5/16,97.86
2019/5/17,98
2019/5/20,97.93
2019/5/21,98.06
2019/5/22,98.04
2019/5/23,97.86
2019/5/24,97.61
2019/5/27,97.61
2019/5/28,97.95
2019/5/29,98.14
2019/5/30,98.14
2019/5/31,97.75
2019/6/3,97.14
2019/6/4,97.07
2019/6/5,97.32
2019/6/6,97.04
2019/6/7,96.54
2019/6/10,96.76
2019/6/11,96.69
2019/6/12,97
2019/6/13,97.01
2019/6/14,97.57
2019/6/17,97.56
2019/6/18,97.64
2019/6/19,97.12
2019/6/20,96.63
2019/6/21,96.22
2019/6/24,95.98
2019/6/25,96.14
2019/6/26,96.21
2019/6/27,96.19
2019/6/28,96.13
2019/7/1,96.84
2019/7/2,96.73
2019/7/3,96.77
2019/7/4,96.77
2019/7/5,97.29
2019/7/8,97.38
2019/7/9,97.49
2019/7/10,97.1
2019/7/11,97.05
2019/7/12,96.81
2019/7/15,96.93
2019/7/16,97.39
2019/7/17,97.22
2019/7/18,96.79
2019/7/19,97.15
2019/7/22,97.26
2019/7/23,97.7
2019/7/24,97.73
2019/7/25,97.82
2019/7/26,98.01
2019/7/29,98.04
2019/7/30,98.05
2019/7/31,98.52
2019/8/1,98.37
2019/8/2,98.07
2019/8/5,97.52
2019/8/6,97.63
2019/8/7,97.54
2019/8/8,97.62
2019/8/9,97.49
2019/8/12,97.38
2019/8/13,97.81
2019/8/14,97.99
2019/8/15,98.14
2019/8/16,98.14
2019/8/19,98.35
2019/8/20,98.19
2019/8/21,98.3
2019/8/22,98.17
2019/8/23,97.64
2019/8/26,98.08
2019/8/27,98
2019/8/28,98.21
2019/8/29,98.51
2019/8/30,98.92
2019/9/2,98.92
2019/9/3,99
2019/9/4,98.45
2019/9/5,98.41
2019/9/6,98.39
2019/9/9,98.28
2019/9/10,98.33
2019/9/11,98.64
2019/9/12,98.31
2019/9/13,98.26
2019/9/16,98.61
2019/9/17,98.26
2019/9/18,98.56
2019/9/19,98.27
2019/9/20,98.51
2019/9/23,98.6
2019/9/24,98.34
2019/9/25,99.04
2019/9/26,99.13
2019/9/27,99.11
2019/9/30,99.38
2019/10/1,99.13
2019/10/2,99.02
2019/10/3,98.86
2019/10/4,98.81
2019/10/7,98.97
2019/10/8,99.13
2019/10/9,99.12
2019/10/10,98.7
2019/10/11,98.3
2019/10/14,98.45
2019/10/15,98.29
2019/10/16,98
2019/10/17,97.61
2019/10/18,97.28
2019/10/21,97.33
2019/10/22,97.53
2019/10/23,97.49
2019/10/24,97.63
2019/10/25,97.83
2019/10/28,97.76
2019/10/29,97.69
2019/10/30,97.65
2019/10/31,97.35
2019/11/1,97.24
2019/11/4,97.5
2019/11/5,97.98
2019/11/6,97.95
2019/11/7,98.14
2019/11/8,98.35
2019/11/11,98.2
2019/11/12,98.31
2019/11/13,98.37
2019/11/14,98.16
2019/11/15,98
2019/11/18,97.79
2019/11/19,97.86
2019/11/20,97.93
2019/11/21,97.99
2019/11/22,98.27
2019/11/25,98.32
2019/11/26,98.25
2019/11/27,98.37
2019/11/28,98.37
2019/11/29,98.27
2019/12/2,97.86
2019/12/3,97.74
2019/12/4,97.65
2019/12/5,97.41
2019/12/6,97.7
2019/12/9,97.64
2019/12/10,97.41
2019/12/11,97.08
2019/12/12,97.4
2019/12/13,97.17
2019/12/16,97.02
2019/12/17,97.22
2019/12/18,97.4
2019/12/19,97.38
2019/12/20,97.69
2019/12/23,97.66
2019/12/24,97.65
2019/12/25,97.65
2019/12/26,97.53
2019/12/27,96.92
2019/12/30,96.74
2019/12/31,96.39
2020/1/1,96.39
2020/1/2,96.85
2020/1/3,96.84
2020/1/6,96.67
2020/1/7,97
2020/1/8,97.3
2020/1/9,97.45
2020/1/10,97.36
2020/1/13,97.34
2020/1/14,97.37
2020/1/15,97.23
2020/1/16,97.32
2020/1/17,97.64
2020/1/20,97.61
2020/1/21,97.53
2020/1/22,97.53
2020/1/23,97.69
2020/1/24,97.85
2020/1/27,97.96
2020/1/28,98.02
2020/1/29,97.99
2020/1/30,97.87
2020/1/31,97.39
2020/2/3,97.8
2020/2/4,97.96
2020/2/5,98.3
2020/2/6,98.5
2020/2/7,98.68
2020/2/10,98.83
2020/2/11,98.72
2020/2/12,99.05
2020/2/13,99.07
2020/2/14,99.12
2020/2/17,99
2020/2/18,99.44
2020/2/19,99.7
2020/2/20,99.86
2020/2/21,99.26
2020/2/24,99.36
2020/2/25,98.97
2020/2/26,99
2020/2/27,98.51
2020/2/28,98.13
2020/3/2,97.36
2020/3/3,97.15
2020/3/4,97.34
2020/3/5,96.82
2020/3/6,95.95
2020/3/9,94.89
2020/3/10,96.41
2020/3/11,96.51
2020/3/12,97.47
2020/3/13,98.75
2020/3/16,98.07
2020/3/17,99.58
2020/3/18,101.16
2020/3/19,102.75
2020/3/20,102.82
2020/3/23,102.49
2020/3/24,102.04
2020/3/25,101.05
2020/3/26,99.35
2020/3/27,98.36
2020/3/30,99.18
2020/3/31,99.05
2020/4/1,99.67
2020/4/2,100.18
2020/4/3,100.58
2020/4/6,100.69
2020/4/7,99.9
2020/4/8,100.12
2020/4/9,99.52
2020/4/10,99.52
2020/4/13,99.35
2020/4/14,98.89
2020/4/15,99.46
2020/4/16,100.03
2020/4/17,99.78
2020/4/20,99.95
2020/4/21,100.26
2020/4/22,100.39
2020/4/23,100.43
2020/4/24,100.38
2020/4/27,100.04
2020/4/28,99.86
2020/4/29,99.56
2020/4/30,99.02
2020/5/1,99.08
2020/5/4,99.48
2020/5/5,99.71
2020/5/6,100.09
2020/5/7,99.89
2020/5/8,99.73
2020/5/11,100.24
2020/5/12,99.93
2020/5/13,100.24
2020/5/14,100.47
2020/5/15,100.4
2020/5/18,99.67
2020/5/19,99.37
2020/5/20,99.12
2020/5/21,99.37
2020/5/22,99.86
2020/5/25,99.86
2020/5/26,98.91
2020/5/27,99.06
2020/5/28,98.38
2020/5/29,98.34
2020/6/1,97.83
2020/6/2,97.67
2020/6/3,97.28
2020/6/4,96.68
2020/6/5,96.94
2020/6/8,96.62
2020/6/9,96.32
2020/6/10,95.96
2020/6/11,96.73
2020/6/12,97.32
2020/6/15,96.71
2020/6/16,96.96
2020/6/17,97.16
2020/6/18,97.42
2020/6/19,97.62
2020/6/22,97.04
2020/6/23,96.65
2020/6/24,97.15
2020/6/25,97.43
2020/6/26,97.43
2020/6/29,97.54
2020/6/30,97.39
2020/7/1,97.2
2020/7/2,97.32
2020/7/3,97.17
2020/7/6,96.72
2020/7/7,96.88
2020/7/8,96.43
2020/7/9,96.7
2020/7/10,96.65
2020/7/13,96.46
2020/7/14,96.26
2020/7/15,96.08
2020/7/16,96.35
2020/7/17,95.94
2020/7/20,95.83
2020/7/21,95.12
2020/7/22,94.99
2020/7/23,94.69
2020/7/24,94.44
2020/7/27,93.67
2020/7/28,93.7
2020/7/29,93.45
2020/7/30,93.02
2020/7/31,93.35
2020/8/3,93.54
2020/8/4,93.38
2020/8/5,92.87
2020/8/6,92.79
2020/8/7,93.44
2020/8/10,93.58
2020/8/11,93.63
2020/8/12,93.44
2020/8/13,93.33
2020/8/14,93.1
2020/8/17,92.85
2020/8/18,92.27
2020/8/19,92.89
2020/8/20,92.79
2020/8/21,93.25
2020/8/24,93.3
2020/8/25,93.02
2020/8/26,93.01
2020/8/27,93
2020/8/28,92.37
2020/8/31,92.14
2020/9/1,92.34
2020/9/2,92.85
2020/9/3,92.74
2020/9/4,92.72
2020/9/7,92.72
2020/9/8,93.44
2020/9/9,93.25
2020/9/10,93.34
2020/9/11,93.33
2020/9/14,93.05
2020/9/15,93.05
2020/9/16,93.21
2020/9/17,92.97
2020/9/18,92.93
2020/9/21,93.66
2020/9/22,93.99
2020/9/23,94.39
2020/9/24,94.35
2020/9/25,94.64
2020/9/28,94.28
2020/9/29,93.89
2020/9/30,93.89
2020/10/1,93.71
2020/10/2,93.84
2020/10/5,93.51
2020/10/6,93.69
2020/10/7,93.63
2020/10/8,93.61
2020/10/9,93.06
2020/10/12,93.06
2020/10/13,93.53
2020/10/14,93.38
2020/10/15,93.86
2020/10/16,93.68
2020/10/19,93.43
2020/10/20,93.07
2020/10/21,92.61
2020/10/22,92.95
2020/10/23,92.77
2020/10/26,93.05
2020/10/27,92.94
2020/10/28,93.41
2020/10/29,93.95
2020/10/30,94.04
2020/11/2,94.13
2020/11/3,93.55
2020/11/4,93.41
2020/11/5,92.53
2020/11/6,92.23
2020/11/9,92.72
2020/11/10,92.75
2020/11/11,93.04
2020/11/12,92.96
2020/11/13,92.75
2020/11/16,92.64
2020/11/17,92.42
2020/11/18,92.32
2020/11/19,92.29
2020/11/20,92.39
2020/11/23,92.5
2020/11/24,92.23
2020/11/25,91.99
2020/11/26,91.99
2020/11/27,91.79
2020/11/30,91.87
2020/12/1,91.31
2020/12/2,91.12
2020/12/3,90.71
2020/12/4,90.7
2020/12/7,90.79
2020/12/8,90.97
2020/12/9,91.09
2020/12/10,90.82
2020/12/11,90.98
2020/12/14,90.71
2020/12/15,90.47
2020/12/16,90.45
2020/12/17,89.82
2020/12/18,90.02
2020/12/21,90.04
2020/12/22,90.65
2020/12/23,90.41
2020/12/24,90.32
2020/12/25,90.32
2020/12/28,90.34
2020/12/29,89.99
2020/12/30,89.68
2020/12/31,89.94
2021/1/1,89.94
2021/1/4,89.87
2021/1/5,89.44
2021/1/6,89.53
2021/1/7,89.83
2021/1/8,90.1
2021/1/11,90.47
2021/1/12,90.09
2021/1/13,90.36
2021/1/14,90.24
2021/1/15,90.77
2021/1/18,90.77
2021/1/19,90.5
2021/1/20,90.47
2021/1/21,90.13
2021/1/22,90.24
2021/1/25,90.39
2021/1/26,90.17
2021/1/27,90.65
2021/1/28,90.45
2021/1/29,90.58
2021/2/1,90.98
2021/2/2,91.2
2021/2/3,91.17
2021/2/4,91.53
2021/2/5,91.04
2021/2/8,90.93
2021/2/9,90.44
2021/2/10,90.37
2021/2/11,90.42
2021/2/12,90.48
2021/2/15,90.48
2021/2/16,90.51
2021/2/17,90.95
2021/2/18,90.59
2021/2/19,90.36
2021/2/22,90.01
2021/2/23,90.17
2021/2/24,90.18
2021/2/25,90.13
2021/2/26,90.88
2021/3/1,91.04
2021/3/2,90.78
2021/3/3,90.95
2021/3/4,91.63
2021/3/5,91.98
2021/3/8,92.31
2021/3/9,91.96
2021/3/10,91.82
2021/3/11,91.42
2021/3/12,91.68
2021/3/15,91.83
2021/3/16,91.86
2021/3/17,91.44
2021/3/18,91.86
2021/3/19,91.92
2021/3/22,91.74
2021/3/23,92.34
2021/3/24,92.53
2021/3/25,92.53
2021/3/26,92.77
2021/3/29,92.94
2021/3/30,93.3
2021/3/31,93.23
2021/4/1,92.93
2021/4/2,93.02
2021/4/5,92.59
2021/4/6,92.33
2021/4/7,92.45
2021/4/8,92.06
2021/4/9,92.16
2021/4/12,92.14
2021/4/13,91.85
2021/4/14,91.69
2021/4/15,91.69
2021/4/16,91.56
2021/4/19,91.07
2021/4/20,91.24
2021/4/21,91.16
2021/4/22,91.33
2021/4/23,90.86
2021/4/26,90.81
2021/4/27,90.91
2021/4/28,90.61
2021/4/29,90.61
2021/4/30,91.28
2021/5/3,90.94
2021/5/4,91.29
2021/5/5,91.31
2021/5/6,90.95
2021/5/7,90.23
2021/5/10,90.21
2021/5/11,90.14
2021/5/12,90.71
2021/5/13,90.75
2021/5/14,90.32
2021/5/17,90.16
2021/5/18,89.75
2021/5/19,90.19
2021/5/20,89.81
2021/5/21,90.02
2021/5/24,89.84
2021/5/25,89.64
2021/5/26,90.04
2021/5/27,89.97
2021/5/28,90.03
2021/5/31,90.03
2021/6/1,89.83
2021/6/2,89.91
2021/6/3,90.51
2021/6/4,90.14
2021/6/7,89.95
2021/6/8,90.08
2021/6/9,90.12
2021/6/10,90.08
2021/6/11,90.56
2021/6/14,90.52
2021/6/15,90.54
2021/6/16,91.13
2021/6/17,91.89
2021/6/18,92.22
2021/6/21,91.9
2021/6/22,91.76
2021/6/23,91.8
2021/6/24,91.81
2021/6/25,91.85
2021/6/28,91.89
2021/6/29,92.05
2021/6/30,92.44
2021/7/1,92.6
2021/7/2,92.23
2021/7/5,92.21
2021/7/6,92.55
2021/7/7,92.64
2021/7/8,92.42
2021/7/9,92.13
2021/7/12,92.26
2021/7/13,92.75
2021/7/14,92.41
2021/7/15,92.62
2021/7/16,92.69
2021/7/19,92.89
2021/7/20,92.97
2021/7/21,92.75
2021/7/22,92.82
2021/7/23,92.91
2021/7/26,92.65
2021/7/27,92.43
2021/7/28,92.32
2021/7/29,91.86
2021/7/30,92.17
2021/8/2,92.05
2021/8/3,92.08
2021/8/4,92.27
2021/8/5,92.24
2021/8/6,92.8
2021/8/9,92.94
2021/8/10,93.06
2021/8/11,92.92
2021/8/12,93.03
2021/8/13,92.52
2021/8/16,92.63
2021/8/17,93.13
2021/8/18,93.14
2021/8/19,93.57
2021/8/20,93.5
2021/8/23,92.96
2021/8/24,92.89
2021/8/25,92.83
2021/8/26,93.06
2021/8/27,92.69
2021/8/30,92.65
2021/8/31,92.63
2021/9/1,92.45
2021/9/2,92.22
2021/9/3,92.03
2021/9/6,92.03
2021/9/7,92.51
2021/9/8,92.65
2021/9/9,92.48
2021/9/10,92.58
2021/9/13,92.67
2021/9/14,92.62
2021/9/15,92.55
2021/9/16,92.93
2021/9/17,93.19
2021/9/20,93.28
2021/9/21,93.2
2021/9/22,93.46
2021/9/23,93.03
2021/9/24,93.33
2021/9/27,93.38
2021/9/28,93.77
2021/9/29,94.34
2021/9/30,94.23
2021/10/1,94.03
2021/10/4,93.78
2021/10/5,93.97
2021/10/6,94.27
2021/10/7,94.22
2021/10/8,94.07
2021/10/11,94.32
2021/10/12,94.52
2021/10/13,94.08
2021/10/14,93.96
2021/10/15,93.94
2021/10/18,93.95
2021/10/19,93.73
2021/10/20,93.56
2021/10/21,93.77
2021/10/22,93.64
2021/10/25,93.81
2021/10/26,93.95
2021/10/27,93.8
2021/10/28,93.34
2021/10/29,94.12
2021/11/1,93.88
2021/11/2,94.09
2021/11/3,93.86
2021/11/4,94.35
2021/11/5,94.32
2021/11/8,94.05
2021/11/9,93.95
2021/11/10,94.85
2021/11/11,95.18
2021/11/12,95.13
2021/11/15,95.41
2021/11/16,95.92
2021/11/17,95.83
2021/11/18,95.54
2021/11/19,96.03
2021/11/22,96.55
2021/11/23,96.49
2021/11/24,96.88
2021/11/25,96.77
2021/11/26,96.09
2021/11/29,96.34
2021/11/30,95.99
2021/12/1,96.03
2021/12/2,96.16
2021/12/3,96.12
2021/12/6,96.33
2021/12/7,96.37
2021/12/8,95.89
2021/12/9,96.27
2021/12/10,96.1
2021/12/13,96.32
2021/12/14,96.57
2021/12/15,96.51
2021/12/16,96.04
2021/12/17,96.56
2021/12/20,96.55
2021/12/21,96.49
2021/12/22,96.08
2021/12/23,96.02
2021/12/27,96.09
2021/12/28,96.2
2021/12/29,95.93
2021/12/30,95.97
2021/12/31,95.97
2022/1/3,96.21
2022/1/4,96.26
2022/1/5,96.17
2022/1/6,96.32
2022/1/7,95.72
2022/1/10,95.99
2022/1/11,95.62
2022/1/12,94.92
2022/1/13,94.79
2022/1/14,95.17
2022/1/17,95.26
2022/1/18,95.73
2022/1/19,95.51
2022/1/20,95.73
2022/1/21,95.64
2022/1/24,95.92
2022/1/25,95.95
2022/1/26,96.39
2022/1/27,97.25
2022/1/28,97.27
2022/1/31,96.54
2022/2/1,96.39
2022/2/2,95.94
2022/2/3,95.38
2022/2/4,95.48
2022/2/7,95.4
2022/2/8,95.64
2022/2/9,95.49
2022/2/10,95.55
2022/2/11,96.08
2022/2/14,96.37
2022/2/15,95.99
2022/2/16,95.7
2022/2/17,95.8
2022/2/18,96.04
2022/2/21,96.08
2022/2/22,96.03
2022/2/23,96.19
2022/2/24,97.14
2022/2/25,96.61
2022/2/28,96.71
2022/3/1,97.41
2022/3/2,97.39
2022/3/3,97.78
2022/3/4,98.65
2022/3/7,99.29
2022/3/8,99.06
2022/3/9,97.97
2022/3/10,98.51
2022/3/11,99.12
2022/3/14,99
2022/3/15,99.1
2022/3/16,98.62
2022/3/17,97.97
2022/3/18,98.23
2022/3/21,98.5
2022/3/22,98.49
2022/3/23,98.62
2022/3/24,98.79
2022/3/25,98.79
2022/3/28,99.09
2022/3/29,98.4
2022/3/30,97.79
2022/3/31,98.31
2022/4/1,98.63
2022/4/4,99
2022/4/5,99.47
2022/4/6,99.6
2022/4/7,99.75
2022/4/8,99.8
2022/4/11,99.93
2022/4/12,100.29
2022/4/13,99.88
2022/4/14,100.32
2022/4/15,100.32
2022/4/18,100.78
2022/4/19,100.96
2022/4/20,100.39
2022/4/21,100.58
2022/4/22,101.22
2022/4/25,101.75
2022/4/26,102.3
2022/4/27,102.95
2022/4/28,103.62
2022/4/29,102.96
2022/5/2,103.74
2022/5/3,103.47
2022/5/4,102.59
2022/5/5,103.75
2022/5/6,103.66
2022/5/9,103.65
2022/5/10,103.92
2022/5/11,103.85
2022/5/12,104.85
2022/5/13,104.56
2022/5/16,104.19
2022/5/17,103.36
2022/5/18,103.81
2022/5/19,102.72
2022/5/20,103.15
2022/5/23,102.08
2022/5/24,101.86
2022/5/25,102.06
2022/5/26,101.83
2022/5/27,101.67
2022/5/30,101.67
2022/5/31,101.75
2022/6/1,102.5
2022/6/2,101.82
2022/6/3,102.14
2022/6/6,102.44
2022/6/7,102.32
2022/6/8,102.54
2022/6/9,103.22
2022/6/10,104.15
2022/6/13,105.08
2022/6/14,105.52
2022/6/15,105.16
2022/6/16,103.63
2022/6/17,104.7
2022/6/20,104.7
2022/6/21,104.44
2022/6/22,104.2
2022/6/23,104.43
2022/6/24,104.19
2022/6/27,103.94
2022/6/28,104.51
2022/6/29,105.11
2022/6/30,104.69
2022/7/1,105.14
2022/7/4,105.14
2022/7/5,106.53
2022/7/6,107.1
2022/7/7,107.13
2022/7/8,107.01
2022/7/11,108.02
2022/7/12,108.07
2022/7/13,107.96
2022/7/14,108.54
2022/7/15,108.06
2022/7/18,107.37
2022/7/19,106.68
2022/7/20,107.08
2022/7/21,106.91
2022/7/22,106.73
2022/7/25,106.48
2022/7/26,107.19
2022/7/27,106.45
2022/7/28,106.35
2022/7/29,105.9
2022/8/1,105.45
2022/8/2,106.24
2022/8/3,106.51
2022/8/4,105.69
2022/8/5,106.62
2022/8/8,106.44
2022/8/9,106.37
2022/8/10,105.2
2022/8/11,105.09
2022/8/12,105.63
2022/8/15,106.55
2022/8/16,106.5
2022/8/17,106.57
2022/8/18,107.48
2022/8/19,108.17
2022/8/22,109.05
2022/8/23,108.62
2022/8/24,108.68
2022/8/25,108.47
2022/8/26,108.8
2022/8/29,108.83
2022/8/30,108.77
2022/8/31,108.7
2022/9/1,109.69
2022/9/2,109.53
2022/9/5,109.83
2022/9/6,110.21
2022/9/7,109.84
2022/9/8,109.71
2022/9/9,109
2022/9/12,108.33
2022/9/13,109.81
2022/9/14,109.66
2022/9/15,109.74
2022/9/16,109.76
2022/9/19,109.74
2022/9/20,110.22
2022/9/21,110.64
2022/9/22,111.35
2022/9/23,113.19
2022/9/26,114.1
2022/9/27,114.11
2022/9/28,112.6
2022/9/29,112.25
2022/9/30,112.12
2022/10/3,111.75
2022/10/4,110.06
2022/10/5,111.07
2022/10/6,112.26
2022/10/7,112.8
2022/10/10,113.14
2022/10/11,113.22
2022/10/12,113.32
2022/10/13,112.36
2022/10/14,113.31
2022/10/17,112.04
2022/10/18,112.13
2022/10/19,112.98
2022/10/20,112.88
2022/10/21,112.01
2022/10/24,111.99
2022/10/25,110.95
2022/10/26,109.7
2022/10/27,110.59
2022/10/28,110.75
2022/10/31,111.53
2022/11/1,111.48
2022/11/2,111.34
2022/11/3,112.93
2022/11/4,110.88
2022/11/7,110.12
2022/11/8,109.64
2022/11/9,110.55
2022/11/10,108.21
2022/11/11,106.29
2022/11/14,106.66
2022/11/15,106.4
2022/11/16,106.28
2022/11/17,106.69
2022/11/18,106.93
2022/11/21,107.83
2022/11/22,107.22
2022/11/23,106.08
2022/11/24,105.82
2022/11/25,105.96
2022/11/28,106.68
2022/11/29,106.82
2022/11/30,105.95
2022/12/1,104.73
2022/12/2,104.55
2022/12/5,105.29
2022/12/6,105.58
2022/12/7,105.1
2022/12/8,104.77
2022/12/9,104.81
2022/12/12,105.13
2022/12/13,103.98
2022/12/14,103.77
2022/12/15,104.56
2022/12/16,104.7
2022/12/19,104.72
2022/12/20,103.97
2022/12/21,104.16
2022/12/22,104.43
2022/12/23,104.31
2022/12/27,104.18
2022/12/28,104.46
2022/12/29,103.84
2022/12/30,103.52
2023/1/3,104.52
2023/1/4,104.25
2023/1/5,105.04
2023/1/6,103.88
2023/1/9,103
2023/1/10,103.24
2023/1/11,103.19
2023/1/12,102.25
2023/1/13,102.2
2023/1/16,102.27
2023/1/17,102.39
2023/1/18,102.36
2023/1/19,102.06
2023/1/20,102.01
2023/1/23,102.14
2023/1/24,101.92
2023/1/25,101.64
2023/1/26,101.84
2023/1/27,101.93
2023/1/30,102.28
2023/1/31,102.1
2023/2/1,101.22
2023/2/2,101.75
2023/2/3,102.92
2023/2/6,103.62
2023/2/7,103.43
2023/2/8,103.41
2023/2/9,103.22
2023/2/10,103.63
2023/2/13,103.34
2023/2/14,103.23
2023/2/15,103.92
2023/2/16,103.86
2023/2/17,103.86
2023/2/20,103.86
2023/2/21,104.18
2023/2/22,104.58
2023/2/23,104.6
2023/2/24,105.21
2023/2/27,104.67
2023/2/28,104.87
2023/3/1,104.48
2023/3/2,105.03
2023/3/3,104.52
2023/3/6,104.35
2023/3/7,105.61
2023/3/8,105.66
2023/3/9,105.31
2023/3/10,104.58
2023/3/13,103.59
2023/3/14,103.6
2023/3/15,104.65
2023/3/16,104.42
2023/3/17,103.71
2023/3/20,103.28
2023/3/21,103.26
2023/3/22,102.35
2023/3/23,102.53
2023/3/24,103.12
2023/3/27,102.86
2023/3/28,102.43
2023/3/29,102.64
2023/3/30,102.14
2023/3/31,102.51
2023/4/3,102.09
2023/4/4,101.59
2023/4/5,101.85
2023/4/6,101.82
2023/4/7,102.09
2023/4/10,102.58
2023/4/11,102.2
2023/4/12,101.5
2023/4/13,101.01
2023/4/14,101.55
2023/4/17,102.1
2023/4/18,101.75
2023/4/19,101.97
2023/4/20,101.84
2023/4/21,101.82
2023/4/24,101.35
2023/4/25,101.86
2023/4/26,101.47
2023/4/27,101.5
2023/4/28,101.66
2023/5/1,102.15
2023/5/2,101.96
2023/5/3,101.34
2023/5/4,101.4
2023/5/5,101.21
2023/5/8,101.38
2023/5/9,101.61
2023/5/10,101.48
2023/5/11,102.06
2023/5/12,102.68
2023/5/15,102.43
2023/5/16,102.56
2023/5/17,102.88
2023/5/18,103.58
2023/5/19,103.2
2023/5/22,103.2
2023/5/23,103.49
2023/5/24,103.89
2023/5/25,104.25
2023/5/26,104.21
2023/5/29,104.26
2023/5/30,104.17
2023/5/31,104.33
2023/6/1,103.56
2023/6/2,104.02
2023/6/5,104
2023/6/6,104.12
2023/6/7,104.1
2023/6/8,103.34
2023/6/9,103.56
2023/6/12,103.65
2023/6/13,103.34
2023/6/14,102.95
2023/6/15,102.11
2023/6/16,102.24
2023/6/19,102.52
2023/6/20,102.54
2023/6/21,102.07
2023/6/22,102.39
2023/6/23,102.9
2023/6/26,102.69
2023/6/27,102.49
2023/6/28,102.91
2023/6/29,103.34
2023/6/30,102.91
2023/7/3,102.96
2023/7/4,103.04
2023/7/5,103.37
2023/7/6,103.07
2023/7/7,102.27
2023/7/10,101.97
2023/7/11,101.73
2023/7/12,100.52
2023/7/13,99.77
2023/7/14,99.91
2023/7/17,99.84
2023/7/18,99.94
2023/7/19,100.28
2023/7/20,100.88
2023/7/21,101.07
2023/7/24,101.35
2023/7/25,101.35
2023/7/26,100.89
2023/7/27,101.77
2023/7/28,101.62
2023/7/31,101.86
2023/8/1,102.3
2023/8/2,102.59
2023/8/3,102.54
2023/8/4,102.02
2023/8/7,102.05
2023/8/8,102.53
2023/8/9,102.49
2023/8/10,102.52
2023/8/11,102.84
2023/8/14,103.19
2023/8/15,103.21
2023/8/16,103.43
2023/8/17,103.57
2023/8/18,103.38
2023/8/21,103.3
2023/8/22,103.56
2023/8/23,103.42
2023/8/24,103.98
2023/8/25,104.08
2023/8/28,104.06
2023/8/29,103.53
2023/8/30,103.16
2023/8/31,103.62
2023/9/1,104.24
2023/9/4,104.24
2023/9/5,104.81
2023/9/6,104.86
2023/9/7,105.06
2023/9/8,105.09
2023/9/11,104.57
2023/9/12,104.71
2023/9/13,104.77
2023/9/14,105.41
2023/9/15,105.32
2023/9/18,105.2
2023/9/19,105.16
2023/9/20,105.12
2023/9/21,105.36
2023/9/22,105.58
2023/9/25,106
2023/9/26,106.23
2023/9/27,106.67
2023/9/28,106.22
2023/9/29,106.22
2023/10/2,106.9
2023/10/3,107
2023/10/4,106.8
2023/10/5,106.33
2023/10/6,106.04
2023/10/9,106.08
2023/10/10,105.83
2023/10/11,105.82
2023/10/12,106.6
2023/10/13,106.65
2023/10/16,106.24
2023/10/17,106.25
2023/10/18,106.56
2023/10/19,106.25
2023/10/20,106.16
2023/10/23,105.54
2023/10/24,106.27
2023/10/25,106.53
2023/10/26,106.6
2023/10/27,106.56
2023/10/30,106.12
2023/10/31,106.66
2023/11/1,106.88
2023/11/2,106.12
2023/11/3,105.02
2023/11/6,105.22
2023/11/7,105.54
2023/11/8,105.59
2023/11/9,105.91
2023/11/10,105.86
2023/11/13,105.63
2023/11/14,104.05
2023/11/15,104.39
2023/11/16,104.35
2023/11/17,103.92
2023/11/20,103.44
2023/11/21,103.56
2023/11/22,103.92
2023/11/23,103.77
2023/11/24,103.4
2023/11/27,103.2
2023/11/28,102.75
2023/11/29,102.77
2023/11/30,103.5
2023/12/1,103.27
2023/12/4,103.71
2023/12/5,104.05
2023/12/6,104.15
2023/12/7,103.54
2023/12/8,104.01
2023/12/11,104.09
2023/12/12,103.86
2023/12/13,102.87
2023/12/14,101.96
2023/12/15,102.55
2023/12/18,102.56
2023/12/19,102.17
2023/12/20,102.41
2023/12/21,101.84
2023/12/22,101.7
2023/12/26,101.47
2023/12/27,100.99
2023/12/28,101.23
2023/12/29,101.33
2024/1/2,102.2
2024/1/3,102.49
2024/1/4,102.42
2024/1/5,102.41
2024/1/8,102.21
2024/1/9,102.57
2024/1/10,102.36
2024/1/11,102.29
2024/1/12,102.4
2024/1/15,102.4
2024/1/16,103.36
2024/1/17,103.45
2024/1/18,103.54
2024/1/19,103.29
2024/1/22,103.33
2024/1/23,103.62
2024/1/24,103.24
2024/1/25,103.57
2024/1/26,103.43
2024/1/29,103.61
2024/1/30,103.4
2024/1/31,103.27
2024/2/1,103.05
2024/2/2,103.92
2024/2/5,104.45
2024/2/6,104.21
2024/2/7,104.06
2024/2/8,104.17
2024/2/9,104.11
2024/2/12,104.17
2024/2/13,104.96
2024/2/14,104.72
2024/2/15,104.3
2024/2/16,104.3
2024/2/19,104.29
2024/2/20,104.08
2024/2/21,104.01
2024/2/22,103.96
2024/2/23,103.94
2024/2/26,103.83
2024/2/27,103.83
2024/2/28,103.97
2024/2/29,104.16
2024/3/1,103.86
2024/3/4,103.83
2024/3/5,103.8
2024/3/6,103.37
2024/3/7,102.82
2024/3/8,102.71
2024/3/11,102.87
2024/3/12,102.96
2024/3/13,102.79
2024/3/14,103.36
2024/3/15,103.43
2024/3/18,103.59
2024/3/19,103.84
2024/3/20,103.41
2024/3/21,104
2024/3/22,104.47
2024/3/25,104.23
2024/3/26,104.29
2024/3/27,104.35
2024/3/28,104.55
2024/3/29,104.55
2024/4/1,105.02
2024/4/2,104.82
2024/4/3,104.25
2024/4/4,104.12
2024/4/5,104.3
2024/4/8,104.14
2024/4/9,104.15
2024/4/10,105.25
2024/4/11,105.28
2024/4/12,106.04
2024/4/15,106.21
2024/4/16,106.26
2024/4/17,105.95
2024/4/18,106.15
2024/4/19,106.15
2024/4/22,106.08
2024/4/23,122.7227
2024/4/24,122.89
2024/4/25,122.8384
2024/4/26,122.9471
2024/4/29,122.5449
2024/4/30,122.9853
2024/5/1,123.0168
2024/5/2,122.4384
2024/5/3,122.1375
2024/5/6,121.8913
2024/5/7,122.093
2024/5/8,122.1926
2024/5/9,122.1634
2024/5/10,122.014
2024/5/13,122.0261
2024/5/14,121.9256
2024/5/15,121.3543
2024/5/16,121.2236
2024/5/17,121.2354
2024/5/20,121.2289
2024/5/21,121.3793
2024/5/22,121.5462
2024/5/23,121.7477
2024/5/24,121.6172
2024/5/27,
2024/5/28,121.43
2024/5/29,122.1641
2024/5/30,121.9601
2024/5/31,122.098
2024/6/3,122.3509
2024/6/4,122.7256
2024/6/5,122.5339
2024/6/6,122.3713
2024/6/7,123.549
2024/6/10,123.9125
2024/6/11,124.0349
2024/6/12,123.8295
2024/6/13,124.0235
2024/6/14,124.1694
2024/6/17,124.239
2024/6/18,123.9776
2024/6/19,
2024/6/20,124.192
2024/6/21,124.1086
2024/6/24,123.7125
2024/6/25,123.9417
2024/6/26,124.26
2024/6/27,124.3379
2024/6/28,124.2103
2024/7/1,124.4667
2024/7/2,124.2917
2024/7/3,123.7768
2024/7/4,
2024/7/5,123.4762
2024/7/8,123.3576
2024/7/9,123.4071
2024/7/10,123.1895
2024/7/11,122.769
2024/7/12,122.4404
2024/7/15,122.6347
2024/7/16,122.7264
2024/7/17,122.518
2024/7/18,122.7909
2024/7/19,123.147
2024/7/22,123.2172
2024/7/23,123.3843
2024/7/24,123.5575
2024/7/25,123.5286
2024/7/26,123.672
2024/7/29,124.1392
2024/7/30,124.2855
2024/7/31,123.6373
2024/8/1,123.8693
2024/8/2,123.4681
2024/8/5,123.5787
2024/8/6,123.6532
2024/8/7,123.5698
2024/8/8,123.4466
2024/8/9,122.9276
2024/8/12,123.2204
2024/8/13,123.0146
2024/8/14,122.4297
2024/8/15,122.5844
2024/8/16,122.3972
2024/8/19,121.8788
2024/8/20,121.7728
2024/8/21,121.8535
2024/8/22,122.3626
2024/8/23,121.4597
2024/8/26,121.6943
2024/8/27,121.8672
2024/8/28,121.8943
2024/8/29,122.2333
2024/8/30,122.3262
2024/9/2,
2024/9/3,122.7811
2024/9/4,122.5144
2024/9/5,122.4533
2024/9/6,122.4991
2024/9/9,122.7156
2024/9/10,123.0071
2024/9/11,122.7754
2024/9/12,122.4423
2024/9/13,121.6551
2024/9/16,121.4976
2024/9/17,121.6031
2024/9/18,121.5618
2024/9/19,121.3059
2024/9/20,121.4052
2024/9/23,121.4303
2024/9/24,121.1291
2024/9/25,121.4447
2024/9/26,121.0785
2024/9/27,121.1111
2024/9/30,121.2864
2024/10/1,121.6881
2024/10/2,121.5724
2024/10/3,122.1197
2024/10/4,122.2197
2024/10/7,122.4241
2024/10/8,122.6625
2024/10/9,122.8821
2024/10/10,123.0951
2024/10/11,122.9805
2024/10/14,
2024/10/15,123.5124
2024/10/16,123.9235
2024/10/17,124.1122
2024/10/18,123.9185
2024/10/21,124.4757
2024/10/22,124.4107
2024/10/23,124.6931
2024/10/24,124.5127
2024/10/25,124.6105
2024/10/28,124.8076
2024/10/29,124.8612
2024/10/30,124.8153
2024/10/31,124.7988
2024/11/1,124.8076
2024/11/4,124.5903
2024/11/5,124.5532
2024/11/6,125.7035
2024/11/7,124.775
2024/11/8,125.5811
2024/11/11,
2024/11/12,126.7762
2024/11/13,126.9572
2024/11/14,127.0015
2024/11/15,126.8848
2024/11/18,126.6045
2024/11/19,126.3994
2024/11/20,126.88
2024/11/21,127.1047
2024/11/22,127.4712
2024/11/25,126.9948
2024/11/26,127.4301
2024/11/27,126.8205
2024/11/28,
2024/11/29,126.5798
2024/12/2,127.1272
2024/12/3,126.9565
2024/12/4,126.7574
2024/12/5,126.4286
2024/12/6,126.688
2024/12/9,126.5981
2024/12/10,126.957
2024/12/11,126.8483
2024/12/12,126.9556
2024/12/13,127.3096
2024/12/16,127.2687
2024/12/17,127.5043
2024/12/18,127.6418
2024/12/19,128.6366
2024/12/20,127.893
2024/12/23,128.3021
2024/12/24,128.3377
2024/12/25,
2024/12/26,128.3329
2024/12/27,128.45
2024/12/30,128.8205
2024/12/31,129.2775
2025/1/1,
2025/1/2,129.4598
2025/1/3,129.4535
2025/1/6,128.538
2025/1/7,128.613
2025/1/8,129.0785
2025/1/9,129.2827
2025/1/10,129.8664
2025/1/13,130.0413
2025/1/14,129.3812
2025/1/15,129.2092
2025/1/16,129.436
2025/1/17,129.4859
2025/1/20,
2025/1/21,128.4151
2025/1/22,128.3402
2025/1/23,128.2162
2025/1/24,127.4611
2025/1/27,128.0912
2025/1/28,128.2817
2025/1/29,128.3418
2025/1/30,128.1004
2025/1/31,128.4828
2025/2/3,129.109
2025/2/4,128.1083
2025/2/5,127.9751
2025/2/6,128.2017
2025/2/7,128.4292
2025/2/10,128.6382
2025/2/11,128.4322
2025/2/12,128.3288
2025/2/13,127.8931
2025/2/14,127.1491
2025/2/17,
2025/2/18,127.2906
2025/2/19,127.7317
2025/2/20,127.1126
2025/2/21,127.1408
2025/2/24,127.1921
2025/2/25,127.3752
2025/2/26,127.2822
2025/2/27,127.9704
2025/2/28,128.2805
2025/3/3,127.75
2025/3/4,127.9966
2025/3/5,126.504
2025/3/6,126.1099
2025/3/7,125.9814
2025/3/10,126.268
2025/3/11,126.0457
2025/3/12,125.8664
2025/3/13,126.0031
2025/3/14,125.6942
2025/3/17,125.3688
2025/3/18,125.488
2025/3/19,125.8006
2025/3/20,125.985
2025/3/21,126.2679
2025/3/24,126.1956
2025/3/25,126.0535
2025/3/26,126.2364
2025/3/27,126.3626
2025/3/28,126.4187
2025/3/31,126.7075
2025/4/1,126.4338
2025/4/2,126.3811
2025/4/3,124.7316
2025/4/4,125.8129
2025/4/7,126.8282
2025/4/8,126.8668
2025/4/9,126.628
2025/4/10,125.089
2025/4/11,124.0163
2025/4/14,123.6598
2025/4/15,123.776
2025/4/16,123.2724
2025/4/17,123.1298
2025/4/18,122.9865
2025/4/21,122.3145
2025/4/22,122.4175
2025/4/23,123.0252
2025/4/24,122.9251
2025/4/25,122.8858
2025/4/28,122.7176
2025/4/29,122.5944
2025/4/30,122.5921
2025/5/1,123.1405
2025/5/2,122.4962
2025/5/5,122.2613
2025/5/6,122.0417
2025/5/7,122.117
2025/5/8,122.7568
2025/5/9,122.5191
2025/5/12,123.4863
2025/5/13,122.9583
2025/5/14,122.6746
2025/5/15,122.8174
2025/5/16,123.0737
2025/5/19,122.4186
2025/5/20,122.3199
2025/5/21,121.7496
2025/5/22,122.0429
2025/5/23,121.3837
2025/5/26,
2025/5/27,121.6099
2025/5/28,121.9888
2025/5/29,121.5617
2025/5/30,121.7674
2025/6/2,121.1881
2025/6/3,121.4592
2025/6/4,121.0539
2025/6/5,120.9596
2025/6/6,121.161
2025/6/9,120.9103
2025/6/10,121.0485
2025/6/11,120.587
2025/6/12,120.1723
2025/6/13,120.3245
2025/6/16,120.1565
2025/6/17,120.5048
2025/6/18,120.7305
2025/6/19,
2025/6/20,121.0408
2025/6/23,121.1694
2025/6/24,120.3645
2025/6/25,120.3336
2025/6/26,119.6451
2025/6/27,119.659
2025/6/30,119.4088
2025/7/1,119.3436
2025/7/2,119.3037
2025/7/3,119.2382
2025/7/4,
2025/7/7,119.6201
2025/7/8,119.8371
2025/7/9,119.7311
2025/7/10,119.8343
2025/7/11,119.9214
2025/7/14,120.2209
2025/7/15,120.5105
2025/7/16,120.4175
2025/7/17,120.6384
2025/7/18,120.356
2025/7/21,119.9961
2025/7/22,119.681
2025/7/23,119.5697
2025/7/24,119.5664
2025/7/25,119.9857
2025/7/28,120.6149
2025/7/29,120.9674
2025/7/30,121.4042
2025/7/31,121.721
2025/8/1,121.2122
2025/8/4,120.9859
2025/8/5,120.9082
2025/8/6,120.5082
2025/8/7,120.5043
2025/8/8,120.3329
2025/8/11,120.6892
2025/8/12,120.2736
2025/8/13,120.13
2025/8/14,120.6446
2025/8/15,120.3377
2025/8/18,120.5622
2025/8/19,120.7224
2025/8/20,120.7757
2025/8/21,121.0843
2025/8/22,120.2774
2025/8/25,120.4214
2025/8/26,120.5274
2025/8/27,120.7274
2025/8/28,120.2595
2025/8/29,120.2082
2025/9/1,
2025/9/2,120.6837
2025/9/3,120.5052
2025/9/4,120.7629
2025/9/5,120.1282
2025/9/8,120.0971
2025/9/9,120.1569
2025/9/10,120.1223
2025/9/11,119.9534
2025/9/12,120.0611
2025/9/15,119.5644
2025/9/16,119.1348
2025/9/17,119.1582
2025/9/18,119.6616
2025/9/19,119.7858
2025/9/22,119.8152
2025/9/23,119.6202
2025/9/24,120.1707
2025/9/25,120.5419
2025/9/26,120.4349
2025/9/29,120.115
2025/9/30,120.1368
2025/10/1,120.1502
2025/10/2,120.4296
2025/10/3,120.0881
2025/10/6,120.2722
2025/10/7,120.4884
2025/10/8,120.7766
2025/10/9,121.0902
2025/10/10,121.1163
2025/10/13,
2025/10/14,121.1822
2025/10/15,120.8642
2025/10/16,120.6698
2025/10/17,120.7028
2025/10/20,120.6209
2025/10/21,120.8895
2025/10/22,120.8958
2025/10/23,120.9531
2025/10/24,120.9345
2025/10/27,120.7988
2025/10/28,120.6361
2025/10/29,120.5312
2025/10/30,121.2832
2025/10/31,121.3859
2025/11/3,121.4512
2025/11/4,121.8271
2025/11/5,121.8482
2025/11/6,121.6948
2025/11/7,121.388
2025/11/10,121.2984
2025/11/11,
2025/11/12,121.0458
2025/11/13,120.7725
2025/11/14,120.9666
2025/11/17,121.1146
2025/11/18,121.2127
2025/11/19,121.4978
2025/11/20,121.6889
2025/11/21,121.8653
2025/11/24,121.9171
2025/11/25,121.6335
2025/11/26,121.2437
2025/11/27,
2025/11/28,121.0527
2025/12/1,120.9862
2025/12/2,121.1467
2025/12/3,120.7336
2025/12/4,120.6766
2025/12/5,120.6863
2025/12/8,120.776
2025/12/9,120.6832
2025/12/10,120.6752
2025/12/11,119.98
2025/12/12,120.1442
2025/12/15,119.9561
2025/12/16,119.8902
2025/12/17,120.155
2025/12/18,120.0528
2025/12/19,120.1652
2025/12/22,119.9912
2025/12/23,119.7057
2025/12/24,119.4372
2025/12/25,
2025/12/26,119.4723
2025/12/29,119.5899
2025/12/30,119.4939
2025/12/31,119.7456
